MATCH_ID,GAME_DURATION,GAME_DATE,WINNING_TEAM,AVERAGE_RANK,BLUE_KILLS,RED_KILLS,BLUE_TOWERS,RED_TOWERS,BLUE_DRAGONS,RED_DRAGONS,BLUE_VOID_GRUBS,RED_VOID_GRUBS,BLUE_HERALDS,RED_HERALDS,BLUE_BARONS,RED_BARONS,WINNING_GOLD_DIFF,UNLOGGED_DURATION
EUN1_3900178471,1660,2026-01-29 10:29:22.000,Red,Unranked,13,23,6,1,1,3,1,2,0,1,0,0,11611,160
EUN1_3900332718,1418,2026-01-29 16:30:07.000,Blue,Diamond,33,8,1,3,3,0,3,0,1,0,0,0,9998,218
EUN1_3900373386,1162,2026-01-29 17:26:51.000,Red,Unranked,10,26,4,1,2,0,1,2,0,1,0,0,8521,0
EUN1_3900517751,2184,2026-01-29 20:22:15.000,Blue,Unranked,38,42,5,6,3,3,3,0,1,0,2,1,-187,84
EUN1_3900529355,1439,2026-01-29 20:30:43.000,Blue,Unranked,30,16,0,7,3,0,3,0,1,0,0,0,8446,239
EUW1_7706466372,1414,2026-01-29 00:01:28.000,Red,Master,8,26,7,1,0,3,0,3,0,1,0,0,10728,214
EUW1_7706474187,1980,2026-01-29 00:06:08.000,Blue,Master,46,29,6,3,3,2,2,1,0,1,1,0,2566,180
EUW1_7706477998,2986,2026-01-29 00:09:51.000,Red,Diamond,35,42,9,9,3,5,0,3,1,0,3,1,6223,0
EUW1_7706479988,1687,2026-01-29 00:11:57.000,Red,Grandmaster,13,33,8,0,0,4,0,3,0,1,0,1,11734,187
EUW1_7706483325,2356,2026-01-29 00:17:37.000,Red,Emerald,45,52,9,6,2,3,3,0,0,1,2,1,3611,0
EUW1_7706484917,2035,2026-01-29 00:16:09.000,Red,Master,25,27,7,3,1,3,3,0,1,0,0,1,2673,235
EUW1_7706485955,1511,2026-01-29 00:16:54.000,Blue,Master,42,21,3,9,3,0,0,3,1,0,0,0,7309,11
EUW1_7706488366,1705,2026-01-29 00:24:44.000,Red,Diamond,24,33,7,7,1,3,3,0,1,0,0,1,4476,205
EUW1_7706489329,2095,2026-01-29 00:25:05.000,Red,Diamond,37,50,9,8,3,2,0,3,1,0,2,0,1281,0
EUW1_7706489663,1338,2026-01-29 00:19:00.000,Blue,Master,19,12,1,5,3,0,3,0,1,0,0,0,6933,138
EUW1_7706490643,1827,2026-01-29 00:17:49.000,Red,Diamond,29,39,9,2,0,4,3,0,0,1,0,1,5783,27
EUW1_7706490823,2095,2026-01-29 00:21:01.000,Red,Master,35,43,9,5,3,3,2,1,0,1,0,2,7455,0
EUW1_7706496285,1927,2026-01-29 00:32:56.000,Red,Grandmaster,27,29,9,0,0,4,0,3,0,1,0,1,9942,127
EUW1_7706501038,325,2026-01-29 00:35:28.000,Blue,Master,3,3,0,0,0,0,0,0,0,0,0,0,582,25
EUW1_7706507081,1171,2026-01-29 00:45:03.000,Blue,Master,34,8,0,11,3,0,3,0,1,0,0,0,18334,0
EUW1_7706510399,949,2026-01-29 00:53:09.000,Blue,Challenger,21,9,0,3,0,0,3,0,0,0,0,0,6202,49
EUW1_7706511517,2291,2026-01-29 00:41:59.000,Blue,Master,43,30,5,7,3,2,0,3,1,0,2,1,5168,191
EUW1_7706512535,1690,2026-01-29 00:44:00.000,Red,Diamond,22,27,5,3,2,1,3,0,0,1,0,1,4643,190
EUW1_7706513215,1786,2026-01-29 00:53:48.000,Red,Master,19,30,11,3,1,3,0,3,0,1,0,1,7378,0
EUW1_7706516842,1189,2026-01-29 00:55:25.000,Blue,Master,33,14,1,5,3,0,3,0,1,0,0,0,10153,0
EUW1_7706519284,1534,2026-01-29 01:04:27.000,Blue,Diamond,23,23,3,10,2,1,0,3,0,0,0,0,3271,34
EUW1_7706524519,2683,2026-01-29 01:03:18.000,Blue,Diamond,48,45,8,11,1,5,3,0,0,1,1,2,1282,0
EUW1_7706526442,2386,2026-01-29 01:19:44.000,Blue,Diamond,55,42,11,9,2,4,0,3,1,0,0,2,4570,0
EUW1_7706526702,1477,2026-01-29 01:08:17.000,Red,Master,16,29,10,4,2,1,0,3,0,1,0,1,12019,0
EUW1_7706527906,1358,2026-01-29 01:12:24.000,Blue,Grandmaster,33,6,0,6,2,0,0,3,1,0,0,0,19400,158
EUW1_7706528541,2111,2026-01-29 01:08:25.000,Red,Diamond,26,38,7,4,1,3,2,1,0,0,0,2,3723,11
EUW1_7706530895,1917,2026-01-29 01:16:49.000,Blue,Master,25,35,6,4,0,4,3,0,0,1,0,0,-89,117
EUW1_7706531038,2429,2026-01-29 01:19:31.000,Red,Master,38,42,5,9,2,3,3,0,1,0,1,0,-2088,29
EUW1_7706534448,1410,2026-01-29 01:31:39.000,Red,Master,11,23,5,0,0,2,3,0,0,1,0,0,7010,210
EUW1_7706537920,1451,2026-01-29 01:30:03.000,Red,Diamond,17,32,8,3,2,1,0,3,1,0,0,1,9248,0
EUW1_7706545103,1371,2026-01-29 01:49:55.000,Blue,Master,31,21,2,6,2,0,3,0,1,0,0,0,7521,171
EUW1_7706546925,1162,2026-01-29 01:49:40.000,Red,Master,12,28,8,1,0,3,3,0,0,1,0,0,13523,0
EUW1_7706548333,1700,2026-01-29 01:58:53.000,Blue,Emerald,35,35,4,5,3,0,3,0,1,0,0,1,-4276,200
EUW1_7706553212,1993,2026-01-29 02:10:07.000,Red,Diamond,32,30,5,5,2,2,3,0,0,1,1,1,2651,193
EUW1_7706554050,1535,2026-01-29 02:06:36.000,Red,Emerald,18,33,11,0,0,4,0,3,0,1,0,1,11489,35
EUW1_7706556969,1674,2026-01-29 02:14:54.000,Red,Diamond,15,32,6,3,1,1,3,0,0,1,0,0,6785,174
EUW1_7706558321,911,2026-01-29 02:26:13.000,Red,Master,8,16,1,0,0,2,0,3,0,0,0,0,4768,11
EUW1_7706558531,2089,2026-01-29 02:05:33.000,Blue,Master,35,30,5,9,4,1,1,2,1,0,2,0,1119,0
EUW1_7706559165,1824,2026-01-29 02:23:15.000,Blue,Master,38,26,4,7,4,0,0,3,0,0,1,1,5525,24
EUW1_7706560713,928,2026-01-29 02:17:00.000,Blue,Challenger,25,6,0,3,2,0,3,0,0,0,0,0,9666,28
EUW1_7706561095,1440,2026-01-29 02:28:30.000,Red,Master,9,24,6,0,0,3,1,2,0,1,0,0,11413,240
EUW1_7706561431,2150,2026-01-29 02:38:15.000,Blue,Master,49,45,8,5,1,4,3,0,0,1,1,2,657,50
EUW1_7706564126,1282,2026-01-29 02:39:31.000,Blue,Emerald,30,17,2,5,1,1,3,0,1,0,0,0,7972,82
EUW1_7706568488,1822,2026-01-29 02:31:41.000,Red,Master,28,48,11,1,1,4,0,3,0,1,0,2,8066,22
EUW1_7706570248,1714,2026-01-29 03:07:27.000,Blue,Diamond,18,15,2,6,2,2,3,0,1,0,0,0,4738,214
EUW1_7706573429,1459,2026-01-29 03:28:09.000,Blue,Master,27,22,4,6,1,2,0,3,1,0,0,0,6438,0
EUW1_7706573805,1427,2026-01-29 03:04:56.000,Blue,Diamond,22,16,2,3,2,0,0,3,1,0,0,0,1354,227
EUW1_7706574009,1386,2026-01-29 03:13:35.000,Blue,Master,36,16,2,7,1,0,3,0,1,0,0,0,11045,186
EUW1_7706575907,2197,2026-01-29 03:20:20.000,Red,Master,52,47,5,7,3,1,0,3,1,0,1,1,3557,97
EUW1_7706578238,1565,2026-01-29 03:37:40.000,Blue,Master,44,20,0,9,1,3,3,0,1,0,1,0,14222,65
EUW1_7706582353,2286,2026-01-29 04:09:10.000,Red,Diamond,46,44,5,8,2,4,1,2,0,1,1,1,-7343,186
EUW1_7706583240,1738,2026-01-29 04:09:57.000,Red,Emerald,24,28,9,1,0,3,3,0,0,1,0,0,9520,238
EUW1_7706584533,1133,2026-01-29 03:36:46.000,Red,Master,8,16,3,0,0,2,3,0,0,0,0,0,6904,233
EUW1_7706587571,934,2026-01-29 03:56:57.000,Red,Master,7,19,1,0,0,2,0,3,0,0,0,0,7130,34
EUW1_7706587735,1995,2026-01-29 04:04:49.000,Blue,Master,41,28,2,8,3,1,1,2,1,0,1,0,7300,195
EUW1_7706588870,2135,2026-01-29 04:12:46.000,Blue,Challenger,38,30,4,12,3,2,3,0,1,0,2,0,7746,35
EUW1_7706592627,1832,2026-01-29 04:25:02.000,Blue,Diamond,37,39,7,10,1,3,3,0,0,1,1,0,4970,32
EUW1_7706599176,1377,2026-01-29 05:30:09.000,Blue,Master,23,11,0,4,3,0,0,3,1,0,0,0,9988,177
EUW1_7706604804,1411,2026-01-29 05:36:30.000,Blue,Diamond,23,8,0,6,3,0,0,3,1,0,0,0,11194,211
EUW1_7706605289,1899,2026-01-29 06:09:32.000,Red,Diamond,26,33,3,7,1,3,3,0,0,0,1,0,70,99
EUW1_7706609881,1665,2026-01-29 06:17:49.000,Blue,Master,28,20,3,3,2,2,3,0,0,1,0,0,616,165
EUW1_7706612252,1330,2026-01-29 06:41:23.000,Red,Master,14,26,8,2,0,2,1,2,0,1,0,0,9389,130
EUW1_7706612317,1545,2026-01-29 06:44:32.000,Red,Master,21,47,9,2,0,4,3,0,1,0,0,1,14883,45
EUW1_7706612762,1509,2026-01-29 06:17:34.000,Red,Challenger,19,26,8,4,2,2,2,1,0,1,0,1,8446,9
EUW1_7706616003,2046,2026-01-29 06:52:01.000,Red,Grandmaster,28,39,7,7,2,3,3,0,1,0,1,1,1588,0
EUW1_7706638537,2165,2026-01-29 08:05:11.000,Red,Master,44,54,8,9,4,1,3,0,1,0,1,2,3121,65
EUW1_7706640073,2060,2026-01-29 08:21:52.000,Blue,Diamond,47,35,7,7,4,1,0,3,0,1,0,2,5339,0
EUW1_7706642586,1556,2026-01-29 08:19:24.000,Blue,Master,22,14,1,7,2,2,3,0,1,0,1,0,10910,56
EUW1_7706644778,1618,2026-01-29 08:34:44.000,Red,Grandmaster,19,26,4,3,2,1,1,2,1,0,0,1,4834,118
EUW1_7706646674,415,2026-01-29 08:33:48.000,Blue,Master,2,0,0,0,0,0,0,0,0,0,0,0,1381,115
EUW1_7706652803,1874,2026-01-29 08:49:29.000,Blue,Master,28,19,2,9,3,2,3,0,1,0,1,0,5441,74
EUW1_7706654250,1714,2026-01-29 09:00:18.000,Red,Diamond,14,27,6,3,2,2,3,0,0,1,0,1,6330,214
EUW1_7706658972,1387,2026-01-29 09:06:31.000,Blue,Diamond,30,14,0,7,3,0,3,0,1,0,0,0,12646,187
EUW1_7706663840,1805,2026-01-29 09:11:30.000,Blue,Master,38,32,6,9,3,2,1,2,1,0,1,1,11238,5
EUW1_7706664892,1892,2026-01-29 09:16:48.000,Blue,Diamond,31,23,2,6,3,1,3,0,1,0,1,0,8860,92
EUW1_7706666964,1479,2026-01-29 09:21:41.000,Blue,Master,38,14,1,10,3,0,0,3,1,0,1,0,15015,0
EUW1_7706668863,1476,2026-01-29 09:22:42.000,Red,Master,11,24,7,2,1,2,0,3,0,1,0,1,10179,0
EUW1_7706669758,1725,2026-01-29 09:21:00.000,Red,Diamond,16,23,5,2,1,3,0,3,0,1,0,0,4579,225
EUW1_7706676547,1717,2026-01-29 09:31:33.000,Blue,Diamond,19,14,1,3,2,1,3,0,0,1,0,0,6078,217
EUW1_7706678614,1714,2026-01-29 09:36:32.000,Blue,Diamond,32,29,4,6,3,1,2,1,0,1,1,0,4768,214
EUW1_7706680954,1793,2026-01-29 09:43:02.000,Blue,Master,40,21,2,11,3,2,3,0,1,0,1,0,11482,0
EUW1_7706685666,1555,2026-01-29 09:51:17.000,Red,Master,13,23,5,3,0,4,0,3,0,1,0,1,6140,55
EUW1_7706689903,1258,2026-01-29 09:58:37.000,Red,Diamond,10,18,4,2,1,2,3,0,1,0,0,0,6928,58
EUW1_7706696302,2231,2026-01-29 10:10:39.000,Blue,Diamond,16,16,4,5,2,3,3,0,1,0,2,0,5621,131
EUW1_7706696872,2028,2026-01-29 10:05:52.000,Red,Master,25,25,2,8,1,3,3,0,1,0,1,1,131,228
EUW1_7706698180,1796,2026-01-29 10:14:52.000,Blue,Master,38,25,4,7,2,1,3,0,1,0,1,0,6025,0
EUW1_7706702689,2371,2026-01-29 10:12:28.000,Blue,Master,47,34,9,10,3,3,3,0,1,0,1,2,5039,0
EUW1_7706704204,1883,2026-01-29 10:23:05.000,Red,Emerald,32,31,8,4,2,3,1,2,1,0,1,0,4227,83
EUW1_7706705896,2249,2026-01-29 10:19:39.000,Blue,Master,25,32,5,6,0,5,3,0,1,0,1,1,1952,149
EUW1_7706707989,1568,2026-01-29 10:26:07.000,Blue,Challenger,36,18,2,8,3,0,0,3,1,0,0,0,12983,68
EUW1_7706708254,1935,2026-01-29 10:30:02.000,Red,Diamond,28,48,8,4,1,3,3,0,0,1,0,1,5667,135
EUW1_7706708519,1420,2026-01-29 10:19:55.000,Red,Diamond,14,15,3,2,2,1,0,3,0,1,0,0,1119,220
EUW1_7706710734,1754,2026-01-29 10:26:23.000,Blue,Master,38,26,3,8,1,3,0,3,1,0,1,0,5643,0
EUW1_7706715671,2349,2026-01-29 10:31:30.000,Red,Master,40,35,11,3,2,3,3,0,1,0,0,1,7094,0
EUW1_7706726072,1260,2026-01-29 10:50:34.000,Blue,Master,30,18,2,4,2,0,0,3,1,0,0,0,9246,60
EUW1_7706733126,1971,2026-01-29 10:58:36.000,Blue,Master,28,32,4,4,1,4,0,3,0,1,0,1,439,171
EUW1_7706733237,1731,2026-01-29 11:00:50.000,Red,Master,26,28,2,5,1,2,0,2,1,0,0,1,2468,231
EUW1_7706735106,2788,2026-01-29 11:01:28.000,Blue,Master,43,44,6,9,3,4,3,0,1,0,3,1,-2260,88
EUW1_7706735605,1530,2026-01-29 10:56:23.000,Blue,Master,20,9,1,9,3,1,3,0,1,0,1,0,16830,30
EUW1_7706737642,1934,2026-01-29 10:59:25.000,Red,Diamond,24,28,7,5,3,2,3,0,1,0,1,0,5998,134
EUW1_7706738281,1488,2026-01-29 11:07:24.000,Red,Diamond,24,43,10,0,0,3,1,2,0,1,0,0,15278,0
EUW1_7706742378,1726,2026-01-29 11:14:11.000,Red,Master,17,25,4,3,0,4,0,3,1,0,0,0,1874,226
EUW1_7706742560,1625,2026-01-29 11:04:28.000,Blue,Master,29,27,4,6,3,1,3,0,1,0,1,0,3017,125
EUW1_7706745955,1955,2026-01-29 11:15:02.000,Blue,Master,26,23,3,8,3,2,3,0,1,0,1,0,6663,155
EUW1_7706749310,1636,2026-01-29 11:22:20.000,Red,Master,21,31,5,3,0,4,3,0,1,0,0,1,6390,136
EUW1_7706753554,1788,2026-01-29 11:17:53.000,Red,Master,33,39,9,5,0,5,2,1,0,1,0,1,7454,0
EUW1_7706753693,1422,2026-01-29 11:19:39.000,Red,Master,11,22,4,1,2,1,3,0,0,1,0,0,8964,222
EUW1_7706761114,2043,2026-01-29 11:33:47.000,Blue,Master,39,33,5,8,2,2,3,0,1,0,2,0,5035,0
EUW1_7706764931,1285,2026-01-29 11:36:41.000,Blue,Diamond,20,17,1,3,1,2,2,1,1,0,0,0,6735,85
EUW1_7706765264,1637,2026-01-29 11:40:40.000,Blue,Master,32,17,2,7,1,3,3,0,1,0,1,0,7857,137
EUW1_7706768554,1688,2026-01-29 11:37:56.000,Red,Diamond,21,29,6,6,2,2,0,3,0,1,0,0,-578,188
EUW1_7706768978,1542,2026-01-29 11:42:46.000,Red,Master,16,40,9,1,0,3,0,3,0,1,0,1,12380,42
EUW1_7706771500,1685,2026-01-29 11:39:53.000,Blue,Diamond,28,25,1,5,3,1,3,0,0,0,0,0,3636,185
EUW1_7706772824,916,2026-01-29 11:44:56.000,Blue,Grandmaster,20,5,0,4,2,0,0,3,0,0,0,0,10306,16
EUW1_7706780975,1118,2026-01-29 11:56:35.000,Red,Emerald,7,16,2,0,0,2,3,0,0,0,0,0,4752,218
EUW1_7706782611,942,2026-01-29 11:54:12.000,Red,Diamond,7,28,3,0,0,1,0,3,0,0,0,0,10420,42
EUW1_7706783786,2013,2026-01-29 11:56:36.000,Blue,Diamond,38,38,4,7,3,1,0,3,0,0,1,0,3198,213
EUW1_7706786565,2122,2026-01-29 11:58:47.000,Red,Master,32,36,11,5,2,3,1,2,0,1,1,1,3618,22
EUW1_7706787054,1487,2026-01-29 12:04:24.000,Red,Master,21,40,9,2,0,3,1,2,1,0,0,1,13128,0
EUW1_7706787097,1474,2026-01-29 12:05:26.000,Red,Master,15,29,7,4,0,4,3,0,0,1,0,1,5660,0
EUW1_7706792523,1812,2026-01-29 12:05:46.000,Red,Diamond,27,35,9,4,2,2,3,0,1,0,0,2,2987,12
EUW1_7706792789,1895,2026-01-29 12:08:47.000,Red,Master,25,49,7,3,0,4,3,0,0,1,0,1,9486,95
EUW1_7706795783,1189,2026-01-29 12:11:35.000,Blue,Master,17,14,2,5,0,1,0,3,1,0,0,0,5822,0
EUW1_7706798131,1569,2026-01-29 12:17:51.000,Red,Diamond,24,34,7,2,0,4,0,3,0,1,0,1,4658,69
EUW1_7706798661,1711,2026-01-29 12:14:57.000,Blue,Diamond,31,22,2,6,2,1,3,0,1,0,1,0,7364,211
EUW1_7706798924,1170,2026-01-29 12:17:44.000,Blue,Diamond,27,21,2,5,2,0,2,1,1,0,0,0,5113,0
EUW1_7706803603,911,2026-01-29 12:18:38.000,Blue,Master,10,3,0,2,1,1,2,1,0,0,0,0,6337,11
EUW1_7706804184,1455,2026-01-29 12:24:26.000,Blue,Master,27,18,1,8,1,3,0,3,0,1,0,0,9360,0
EUW1_7706804730,2197,2026-01-29 12:22:05.000,Blue,Master,30,28,6,4,4,1,3,0,1,0,1,2,-1492,97
EUW1_7706807982,1343,2026-01-29 12:26:58.000,Red,Diamond,9,20,4,1,0,2,1,2,0,1,0,0,7525,143
EUW1_7706808131,1134,2026-01-29 12:29:01.000,Blue,Diamond,21,7,0,3,1,0,3,0,0,0,0,0,10257,234
EUW1_7706814211,1534,2026-01-29 12:36:12.000,Blue,Master,33,17,3,8,2,1,3,0,1,0,0,0,5866,34
EUW1_7706816390,1370,2026-01-29 12:40:07.000,Blue,Grandmaster,17,6,0,7,2,1,3,0,1,0,0,0,8423,170
EUW1_7706817842,1780,2026-01-29 12:37:04.000,Blue,Diamond,32,32,5,8,2,2,0,3,0,1,1,0,3758,0
EUW1_7706818654,1767,2026-01-29 12:34:41.000,Red,Master,22,27,10,2,0,4,3,0,1,0,0,1,13203,0
EUW1_7706820023,1496,2026-01-29 12:39:54.000,Blue,Grandmaster,31,21,0,9,0,3,3,0,1,0,0,0,9122,0
EUW1_7706824883,1668,2026-01-29 12:44:48.000,Blue,Master,37,24,0,9,2,2,3,0,1,0,1,0,12874,168
EUW1_7706830260,1472,2026-01-29 12:53:38.000,Blue,Diamond,26,20,3,8,2,1,2,1,1,0,1,0,10028,0
EUW1_7706831224,1386,2026-01-29 12:55:07.000,Red,Diamond,15,29,4,3,0,2,3,0,1,0,0,0,5800,186
EUW1_7706831320,2037,2026-01-29 12:56:34.000,Blue,Master,34,35,5,8,3,1,0,3,1,0,0,2,3552,237
EUW1_7706832032,1836,2026-01-29 12:54:37.000,Blue,Master,32,25,5,5,3,1,3,0,0,1,0,1,4054,36
EUW1_7706836561,1531,2026-01-29 12:55:10.000,Red,Master,18,28,5,3,0,3,0,3,1,0,0,1,8464,31
EUW1_7706836942,1531,2026-01-29 12:59:08.000,Blue,Master,29,9,3,7,4,0,3,0,1,0,0,1,6293,31
EUW1_7706838773,1971,2026-01-29 12:58:10.000,Red,Diamond,27,37,4,3,2,2,3,0,1,0,0,1,5460,171
EUW1_7706845316,1509,2026-01-29 13:10:54.000,Blue,Master,29,12,0,11,3,1,3,0,1,0,1,0,13903,9
EUW1_7706845861,1895,2026-01-29 13:06:26.000,Red,Unranked,36,37,6,6,1,4,3,0,0,0,0,1,4112,95
EUW1_7706851087,1245,2026-01-29 13:15:13.000,Red,Emerald,14,15,2,2,2,1,2,1,1,0,0,0,-1020,45
EUW1_7706853029,1655,2026-01-29 13:16:51.000,Blue,Diamond,27,25,5,5,2,1,3,0,0,1,1,0,-664,155
EUW1_7706854759,1913,2026-01-29 13:15:22.000,Blue,Master,39,27,3,7,2,2,3,0,1,0,0,1,7052,113
EUW1_7706859184,2298,2026-01-29 13:23:13.000,Blue,Grandmaster,38,38,5,9,3,2,2,1,1,0,2,0,-313,198
EUW1_7706860140,2014,2026-01-29 13:23:33.000,Red,Emerald,29,31,6,4,2,3,0,3,0,1,0,1,3632,214
EUW1_7706860415,1851,2026-01-29 13:26:33.000,Red,Master,17,31,7,3,2,2,3,0,1,0,0,1,3924,51
EUW1_7706861846,1945,2026-01-29 13:22:34.000,Red,Master,22,40,7,4,1,3,3,0,1,0,0,1,6164,145
EUW1_7706862036,1401,2026-01-29 13:24:31.000,Blue,Diamond,29,13,2,5,3,0,0,3,1,0,0,0,7072,201
EUW1_7706862433,1438,2026-01-29 13:28:40.000,Blue,Master,25,15,2,2,1,1,3,0,1,0,0,0,3821,238
EUW1_7706869267,1908,2026-01-29 13:35:16.000,Red,Master,20,30,8,3,1,4,3,0,0,0,0,1,9057,108
EUW1_7706869693,1326,2026-01-29 13:29:04.000,Blue,Master,27,21,2,5,2,1,3,0,1,0,0,0,7353,126
EUW1_7706875818,913,2026-01-29 13:35:29.000,Blue,Master,14,6,0,0,1,1,3,0,0,0,0,0,3200,13
EUW1_7706883444,1589,2026-01-29 13:48:35.000,Red,Diamond,16,35,11,2,0,4,0,3,0,1,0,1,6676,89
EUW1_7706887964,1762,2026-01-29 13:50:00.000,Blue,Master,37,23,5,8,1,3,2,1,0,1,1,0,8576,0
EUW1_7706889178,1602,2026-01-29 13:52:24.000,Blue,Diamond,38,13,2,10,3,0,3,0,0,0,1,0,14782,102
EUW1_7706891381,1392,2026-01-29 13:55:35.000,Blue,Diamond,28,11,2,6,1,2,3,0,1,0,0,0,9925,192
EUW1_7706891642,1585,2026-01-29 13:50:10.000,Blue,Master,27,13,2,6,3,1,3,0,1,0,1,0,9965,85
EUW1_7706892606,2003,2026-01-29 13:50:02.000,Blue,Emerald,32,22,2,7,4,1,3,0,0,0,1,1,6314,203
EUW1_7706894355,1436,2026-01-29 13:57:27.000,Red,Master,4,25,6,1,0,2,3,0,0,1,0,0,11880,236
EUW1_7706897939,1731,2026-01-29 13:59:43.000,Red,Master,21,34,5,1,1,2,1,2,0,1,0,1,4434,231
EUW1_7706905200,2832,2026-01-29 14:06:12.000,Red,Master,39,40,6,9,3,4,1,2,0,1,1,2,-1120,132
EUW1_7706906619,1417,2026-01-29 14:03:30.000,Blue,Master,25,5,1,7,3,0,3,0,1,0,0,0,11634,217
EUW1_7706910426,2165,2026-01-29 14:14:13.000,Blue,Master,29,26,5,3,1,4,3,0,1,0,0,1,-3431,65
EUW1_7706912713,2370,2026-01-29 14:10:03.000,Blue,Master,40,30,11,11,3,2,3,0,0,1,2,1,8116,0
EUW1_7706914225,1521,2026-01-29 14:15:30.000,Red,Master,21,33,10,1,0,3,3,0,0,1,0,1,14466,21
EUW1_7706914837,1463,2026-01-29 14:11:23.000,Blue,Master,39,16,0,10,3,0,3,0,1,0,1,0,13880,0
EUW1_7706916208,1834,2026-01-29 14:17:26.000,Blue,Diamond,38,31,3,5,3,2,1,2,0,1,0,1,6794,34
EUW1_7706918758,1572,2026-01-29 14:16:11.000,Blue,Diamond,32,28,5,4,2,2,3,0,0,1,1,0,2893,72
EUW1_7706924455,1186,2026-01-29 14:26:33.000,Blue,Master,18,14,2,6,1,1,3,0,1,0,0,0,7166,0
EUW1_7706926578,1286,2026-01-29 14:21:30.000,Blue,Master,30,13,0,7,2,1,1,2,1,0,0,0,9113,86
EUW1_7706928626,1219,2026-01-29 14:25:34.000,Blue,Master,24,13,3,3,3,0,0,3,0,1,0,0,5432,19
EUW1_7706932850,1867,2026-01-29 14:29:14.000,Red,Diamond,28,31,4,9,2,2,3,0,1,0,1,0,3766,67
EUW1_7706940047,1492,2026-01-29 14:37:03.000,Red,Diamond,10,30,10,0,0,3,3,0,0,1,0,1,11612,0
EUW1_7706940940,1967,2026-01-29 14:36:54.000,Red,Diamond,33,34,9,2,0,4,0,3,0,1,0,1,5428,167
EUW1_7706944904,1259,2026-01-29 14:40:46.000,Blue,Diamond,15,8,2,3,2,0,0,3,1,0,0,0,4515,59
EUW1_7706945167,1344,2026-01-29 14:42:41.000,Blue,Grandmaster,23,7,0,7,2,0,0,3,1,0,0,0,12085,144
EUW1_7706947155,2263,2026-01-29 14:44:28.000,Red,Emerald,35,42,7,5,3,2,2,1,0,1,1,1,1177,163
EUW1_7706949116,1677,2026-01-29 14:46:17.000,Red,Master,20,29,3,6,2,1,0,3,1,0,0,1,5827,177
EUW1_7706949711,1696,2026-01-29 14:42:31.000,Blue,Grandmaster,20,13,2,8,3,1,3,0,1,0,1,0,9998,196
EUW1_7706951584,1709,2026-01-29 14:44:22.000,Red,Emerald,16,31,9,2,0,4,0,3,0,1,0,1,9673,209
EUW1_7706951711,1655,2026-01-29 14:45:21.000,Blue,Diamond,34,28,2,3,3,0,0,3,1,0,1,0,2979,155
EUW1_7706963184,1880,2026-01-29 14:58:42.000,Red,Master,29,54,10,2,1,4,3,0,1,0,0,1,12586,80
EUW1_7706971012,1498,2026-01-29 15:03:00.000,Red,Master,17,31,6,5,1,2,3,0,1,0,0,0,8287,0
EUW1_7706973423,2116,2026-01-29 15:07:08.000,Blue,Master,41,31,5,6,3,2,2,1,1,0,1,1,6759,16
EUW1_7706973740,1952,2026-01-29 15:03:30.000,Red,Master,24,36,8,2,0,5,1,2,0,1,0,1,9815,152
EUW1_7706974471,2230,2026-01-29 15:01:41.000,Blue,Grandmaster,29,30,4,6,3,2,3,0,1,0,1,0,-2368,130
EUW1_7706978454,1787,2026-01-29 15:13:26.000,Red,Master,31,51,10,4,1,2,3,0,0,1,0,1,12222,0
EUW1_7706980928,1861,2026-01-29 15:11:44.000,Red,Master,26,24,5,5,1,3,2,1,1,0,0,2,-204,61
EUW1_7706981064,1628,2026-01-29 15:12:28.000,Red,Diamond,22,37,7,3,1,3,0,3,0,1,0,0,9142,128
EUW1_7706986064,1408,2026-01-29 15:15:38.000,Red,Master,13,37,8,0,0,2,0,3,0,1,0,0,15989,208
EUW1_7706988777,1618,2026-01-29 15:17:20.000,Red,Master,10,22,5,2,1,3,3,0,1,0,0,1,10939,118
EUW1_7706989699,1309,2026-01-29 15:17:08.000,Red,Master,10,29,8,2,0,3,0,3,0,1,0,0,9640,109
EUW1_7706989809,1583,2026-01-29 15:17:32.000,Blue,Master,20,6,0,7,3,0,0,3,0,1,1,0,10588,83
EUW1_7706990692,1774,2026-01-29 15:17:45.000,Red,Diamond,27,35,10,2,1,3,3,0,0,0,0,1,10644,0
EUW1_7706998661,2050,2026-01-29 15:23:57.000,Red,Master,32,39,11,5,2,3,3,0,1,0,0,2,8403,0
EUW1_7706999442,1008,2026-01-29 15:30:11.000,Red,Master,4,12,2,0,0,2,0,3,0,0,0,0,4951,108
EUW1_7707007471,1378,2026-01-29 15:29:44.000,Blue,Master,30,16,2,2,1,1,1,2,1,0,0,0,4723,178
EUW1_7707009455,1827,2026-01-29 15:38:03.000,Blue,Master,43,25,3,5,3,1,3,0,0,1,0,0,8289,27
EUW1_7707013412,2022,2026-01-29 15:40:18.000,Red,Master,28,35,8,4,1,3,3,0,1,0,0,1,-78,222
EUW1_7707018215,1674,2026-01-29 15:43:31.000,Red,Master,11,30,8,3,1,1,3,0,1,0,0,1,8728,174
EUW1_7707018923,1755,2026-01-29 15:41:02.000,Blue,Master,47,29,3,9,1,3,3,0,1,0,0,1,8158,0
EUW1_7707019398,2335,2026-01-29 15:45:13.000,Blue,Master,33,17,3,8,3,2,3,0,1,0,2,0,2250,235
EUW1_7707023947,2811,2026-01-29 15:43:41.000,Blue,Master,34,34,6,8,2,5,0,3,1,0,2,1,3615,111
EUW1_7707025373,1950,2026-01-29 15:47:57.000,Red,Master,37,33,8,6,2,2,0,3,1,0,2,0,2231,150
EUW1_7707027723,1454,2026-01-29 15:47:24.000,Blue,Master,40,16,0,10,3,1,1,2,1,0,1,0,13731,0
EUW1_7707030956,2047,2026-01-29 15:50:48.000,Red,Diamond,31,52,10,3,2,3,0,3,0,1,0,3,9689,0
EUW1_7707031090,1406,2026-01-29 15:51:25.000,Red,Master,11,22,3,3,0,3,0,3,1,0,0,0,6544,206
EUW1_7707038217,1748,2026-01-29 15:58:06.000,Blue,Master,32,33,5,8,1,3,3,0,0,1,1,0,5804,0
EUW1_7707038344,1610,2026-01-29 15:59:32.000,Red,Diamond,7,20,7,2,0,3,3,0,1,0,0,1,11053,110
EUW1_7707043093,2058,2026-01-29 16:00:27.000,Blue,Diamond,42,45,8,6,1,3,3,0,0,1,1,1,2431,0
EUW1_7707044258,1462,2026-01-29 16:02:45.000,Blue,Master,35,16,1,10,3,0,0,3,0,0,1,0,15473,0
EUW1_7707047043,1376,2026-01-29 16:03:51.000,Blue,Master,17,16,0,4,0,3,3,0,1,0,0,0,3771,176
EUW1_7707050236,1639,2026-01-29 16:07:49.000,Blue,Diamond,41,31,4,7,3,1,0,3,1,0,1,0,2658,139
EUW1_7707056660,1977,2026-01-29 16:08:20.000,Blue,Platinum,28,22,4,5,2,1,0,3,1,0,2,0,2765,177
EUW1_7707057826,1470,2026-01-29 16:10:38.000,Blue,Master,39,18,1,9,2,1,3,0,0,1,1,0,16745,0
EUW1_7707062208,2024,2026-01-29 16:15:54.000,Blue,Master,45,33,3,4,4,0,1,2,0,1,0,0,6434,224
EUW1_7707063594,1365,2026-01-29 16:12:22.000,Blue,Master,27,14,0,5,2,1,3,0,1,0,0,0,11773,165
EUW1_7707064075,1635,2026-01-29 16:16:35.000,Red,Master,22,29,5,4,2,1,1,2,1,0,0,1,7135,135
EUW1_7707070288,1776,2026-01-29 16:23:28.000,Blue,Master,32,37,6,8,2,3,0,3,0,1,0,1,5472,0
EUW1_7707072617,1517,2026-01-29 16:19:46.000,Blue,Diamond,34,21,1,10,2,1,3,0,1,0,1,0,8404,17
EUW1_7707076141,1381,2026-01-29 16:24:37.000,Red,Diamond,16,29,7,0,0,3,2,1,1,0,0,0,6206,181
EUW1_7707077102,1838,2026-01-29 16:26:57.000,Red,Diamond,25,25,7,3,1,4,2,1,0,1,0,1,7627,38
EUW1_7707078416,1565,2026-01-29 16:29:55.000,Blue,Emerald,24,14,1,7,4,0,2,1,1,0,1,0,9544,65
EUW1_7707079457,913,2026-01-29 16:23:33.000,Blue,Master,32,10,0,3,1,0,3,0,0,0,0,0,10782,13
EUW1_7707080784,1661,2026-01-29 16:26:41.000,Blue,Diamond,20,13,2,4,3,0,0,3,1,0,1,0,5397,161
EUW1_7707082381,1580,2026-01-29 16:31:28.000,Blue,Master,29,18,4,7,3,0,3,0,1,0,1,0,5196,80
EUW1_7707082608,1974,2026-01-29 16:27:17.000,Red,Diamond,32,29,6,6,0,4,1,2,0,0,0,1,2585,174
EUW1_7707086034,1418,2026-01-29 16:31:05.000,Blue,Master,25,8,1,5,2,1,3,0,1,0,0,0,7140,218
EUW1_7707087806,912,2026-01-29 16:32:59.000,Blue,Diamond,15,7,1,2,1,1,0,3,0,0,0,0,3979,12
EUW1_7707088500,1454,2026-01-29 16:31:11.000,Red,Grandmaster,19,35,9,0,1,2,1,2,0,1,0,1,12945,0
EUW1_7707088713,1286,2026-01-29 16:32:38.000,Blue,Master,26,11,1,4,2,0,3,0,0,1,0,0,8303,86
EUW1_7707089796,1776,2026-01-29 16:33:14.000,Red,Diamond,19,39,9,3,0,4,3,0,0,0,0,1,14122,0
EUW1_7707089937,1368,2026-01-29 16:35:04.000,Blue,Master,24,10,1,5,1,1,2,1,1,0,0,0,7133,168
EUW1_7707089996,1415,2026-01-29 16:35:29.000,Red,Master,14,29,6,2,0,3,0,3,0,1,0,0,7999,215
EUW1_7707090488,1748,2026-01-29 16:31:35.000,Red,Grandmaster,19,35,11,5,1,3,2,1,1,0,0,1,9401,0
EUW1_7707090993,921,2026-01-29 16:35:20.000,Red,Master,8,9,0,0,0,2,3,0,0,0,0,0,3003,21
EUW1_7707091618,2089,2026-01-29 16:33:31.000,Blue,Master,42,36,8,9,2,2,0,3,0,0,0,1,5913,0
EUW1_7707095748,920,2026-01-29 16:36:12.000,Blue,Master,26,11,0,1,2,0,0,3,0,0,0,0,6696,20
EUW1_7707097514,1815,2026-01-29 16:37:41.000,Red,Emerald,25,27,10,3,3,2,0,3,0,1,0,0,5410,15
EUW1_7707098165,1039,2026-01-29 16:41:47.000,Red,Master,11,17,2,1,0,2,0,3,0,0,0,0,3679,139
EUW1_7707099482,1305,2026-01-29 16:38:55.000,Red,Diamond,13,29,5,0,0,3,0,3,0,1,0,0,8800,105
EUW1_7707103427,1330,2026-01-29 16:47:21.000,Blue,Master,16,11,2,5,1,1,3,0,1,0,0,0,8009,130
EUW1_7707104721,2339,2026-01-29 16:42:33.000,Blue,Master,33,29,6,6,3,2,3,0,0,1,0,2,-1369,239
EUW1_7707110432,1536,2026-01-29 16:52:27.000,Blue,Master,36,28,3,6,3,1,3,0,1,0,1,0,9055,36
EUW1_7707115768,1329,2026-01-29 16:50:26.000,Red,Diamond,10,23,7,0,0,3,0,3,0,1,0,0,11445,129
EUW1_7707117243,2004,2026-01-29 16:55:48.000,Blue,Diamond,29,29,5,5,3,2,0,3,1,0,1,0,1257,204
EUW1_7707121701,1812,2026-01-29 16:55:29.000,Blue,Master,32,23,6,8,2,2,3,0,1,0,1,0,2476,12
EUW1_7707134058,1498,2026-01-29 17:05:17.000,Red,Diamond,15,33,6,2,0,3,2,1,1,0,0,1,7390,0
EUW1_7707134620,1620,2026-01-29 17:02:21.000,Red,Diamond,12,26,7,4,1,3,2,1,1,0,0,1,10716,120
EUW1_7707136973,1739,2026-01-29 17:07:15.000,Red,Master,20,33,7,3,1,2,2,1,0,1,0,1,4168,239
EUW1_7707138010,1316,2026-01-29 17:07:30.000,Red,Master,19,34,4,1,1,2,0,3,0,1,0,0,6554,116
EUW1_7707141275,2059,2026-01-29 17:11:41.000,Red,Diamond,36,40,10,5,0,5,1,2,0,1,0,2,5093,0
EUW1_7707144036,920,2026-01-29 17:11:57.000,Red,Grandmaster,3,16,3,0,0,1,0,3,0,0,0,0,8791,20
EUW1_7707148905,1305,2026-01-29 17:14:00.000,Red,Diamond,11,24,7,0,0,3,0,3,0,1,0,0,12473,105
EUW1_7707153985,1810,2026-01-29 17:16:50.000,Blue,Master,37,34,5,8,2,3,3,0,0,1,1,1,4643,10
EUW1_7707156118,1806,2026-01-29 17:19:00.000,Red,Diamond,26,36,8,5,0,5,1,2,1,0,0,1,6823,6
EUW1_7707156506,1758,2026-01-29 17:17:05.000,Red,Master,30,47,10,4,1,3,3,0,0,1,0,1,9697,0
EUW1_7707168549,1784,2026-01-29 17:23:24.000,Red,Emerald,30,39,8,5,0,4,3,0,0,1,0,1,3977,0
EUW1_7707172838,1921,2026-01-29 17:28:24.000,Red,Master,15,34,4,3,1,4,0,3,0,1,0,1,1155,121
EUW1_7707178393,1467,2026-01-29 17:34:41.000,Red,Master,20,30,11,3,1,2,3,0,0,1,0,1,14975,0
EUW1_7707178439,1829,2026-01-29 17:34:59.000,Red,Master,25,34,7,4,1,4,3,0,1,0,0,1,4973,29
EUW1_7707178585,1872,2026-01-29 17:30:46.000,Blue,Grandmaster,28,22,4,5,3,1,1,2,0,1,2,0,6385,72
EUW1_7707179395,1863,2026-01-29 17:35:29.000,Blue,Master,24,20,1,5,2,3,1,2,1,0,1,0,8357,63
EUW1_7707180315,2393,2026-01-29 17:35:15.000,Blue,Diamond,30,14,8,10,1,4,3,0,1,0,1,1,6493,0
EUW1_7707180417,1807,2026-01-29 17:36:33.000,Blue,Master,43,33,3,10,4,1,3,0,1,0,1,0,4069,7
EUW1_7707183158,1566,2026-01-29 17:36:40.000,Red,Diamond,20,35,8,1,2,0,0,3,0,0,0,1,5979,66
EUW1_7707183661,1412,2026-01-29 17:33:46.000,Red,Diamond,20,19,4,2,1,1,2,1,0,1,0,0,6892,212
EUW1_7707185081,2303,2026-01-29 17:37:31.000,Blue,Master,33,43,8,5,1,4,2,1,1,0,0,2,-4403,203
EUW1_7707187288,1077,2026-01-29 17:39:45.000,Blue,Diamond,13,7,0,3,1,1,3,0,0,0,0,0,3312,177
EUW1_7707191992,1631,2026-01-29 17:41:30.000,Red,Diamond,15,28,5,4,1,3,0,3,1,0,0,1,5225,131
EUW1_7707192684,1795,2026-01-29 17:39:20.000,Blue,Diamond,46,32,4,11,4,0,0,3,0,1,1,0,12171,0
EUW1_7707192940,1603,2026-01-29 17:40:20.000,Blue,Master,27,21,1,6,3,1,3,0,1,0,0,0,6762,103
EUW1_7707214703,1801,2026-01-29 17:52:19.000,Red,Master,28,39,9,5,2,2,3,0,0,1,0,1,8867,1
EUW1_7707215769,2099,2026-01-29 17:53:02.000,Red,Diamond,33,42,10,5,2,4,0,3,1,0,0,1,7379,0
EUW1_7707215838,924,2026-01-29 17:53:53.000,Blue,Master,24,10,0,2,1,1,0,3,0,0,0,0,8357,24
EUW1_7707222227,1390,2026-01-29 18:00:14.000,Red,Master,21,22,3,2,1,2,1,2,0,1,0,0,3522,190
EUW1_7707231510,1382,2026-01-29 18:02:38.000,Blue,Diamond,24,14,0,4,2,0,3,0,1,0,0,0,5502,182
EUW1_7707235036,1283,2026-01-29 18:06:48.000,Blue,Master,20,15,1,5,2,1,3,0,1,0,0,0,6326,83
EUW1_7707239894,1599,2026-01-29 18:09:17.000,Red,Master,27,30,5,3,0,2,0,3,0,1,0,1,4897,99
EUW1_7707246201,936,2026-01-29 18:13:42.000,Red,Diamond,11,15,3,0,0,1,3,0,0,0,0,0,3926,36
EUW1_7707246358,2151,2026-01-29 18:15:03.000,Red,Master,25,51,8,5,1,4,2,1,1,0,1,1,9198,51
EUW1_7707249424,1577,2026-01-29 18:18:03.000,Blue,Master,28,19,1,6,1,2,3,0,0,1,1,0,9391,77
EUW1_7707262302,913,2026-01-29 18:24:24.000,Blue,Challenger,7,2,0,2,2,0,3,0,0,0,0,0,6816,13
EUW1_7707264428,2059,2026-01-29 18:25:42.000,Blue,Master,45,32,5,8,4,1,0,3,1,0,2,0,5690,0
EUW1_7707267196,1580,2026-01-29 18:26:59.000,Red,Master,16,46,9,3,0,4,0,3,1,0,0,1,13171,80
EUW1_7707272749,1830,2026-01-29 18:27:05.000,Red,Master,20,29,6,4,0,4,3,0,1,0,1,0,3537,30
EUW1_7707274946,1556,2026-01-29 18:29:53.000,Blue,Master,34,13,3,7,3,0,1,2,1,0,1,0,10262,56
EUW1_7707277245,1418,2026-01-29 18:32:28.000,Blue,Master,31,19,2,5,3,0,3,0,1,0,0,0,4303,218
EUW1_7707278584,1519,2026-01-29 18:30:16.000,Blue,Grandmaster,26,18,1,8,3,1,3,0,1,0,1,0,15246,19
EUW1_7707278837,2133,2026-01-29 18:32:10.000,Red,Diamond,37,36,8,6,0,5,3,0,0,1,1,1,2656,33
EUW1_7707282735,1823,2026-01-29 18:32:44.000,Blue,Master,45,41,5,6,2,2,3,0,1,0,2,0,7155,23
EUW1_7707286670,2024,2026-01-29 18:35:21.000,Blue,Diamond,42,29,5,4,2,2,3,0,0,0,1,0,4946,224
EUW1_7707286835,1474,2026-01-29 18:36:36.000,Blue,Grandmaster,26,14,4,5,1,2,0,3,1,0,1,0,6161,0
EUW1_7707290096,2137,2026-01-29 18:39:15.000,Red,Master,27,40,9,7,0,5,0,3,1,0,2,1,8727,37
EUW1_7707302700,1531,2026-01-29 18:43:51.000,Red,Master,11,35,8,2,0,4,1,2,1,0,0,1,13818,31
EUW1_7707311966,1658,2026-01-29 18:50:56.000,Blue,Master,36,20,2,8,3,0,2,1,1,0,0,0,10832,158
EUW1_7707319637,2072,2026-01-29 18:53:42.000,Blue,Diamond,35,44,8,10,2,3,3,0,1,0,1,1,-258,0
EUW1_7707327054,1991,2026-01-29 18:59:29.000,Red,Diamond,36,31,4,7,2,3,2,1,0,0,1,0,-3504,191
EUW1_7707327228,1446,2026-01-29 19:00:46.000,Red,Master,15,24,7,3,2,1,0,3,0,1,0,1,8150,0
EUW1_7707329722,2273,2026-01-29 18:59:17.000,Blue,Master,40,49,3,7,3,3,0,3,1,0,0,2,593,173
EUW1_7707331411,1795,2026-01-29 19:03:36.000,Red,Diamond,16,34,9,2,0,4,3,0,0,1,0,2,15491,0
EUW1_7707332150,1948,2026-01-29 19:02:42.000,Red,Master,39,35,4,3,2,2,0,3,0,0,0,1,3923,148
EUW1_7707341513,1903,2026-01-29 19:04:47.000,Blue,Master,39,30,3,10,3,1,3,0,1,0,1,0,8623,103
EUW1_7707341916,1794,2026-01-29 19:06:39.000,Blue,Master,38,26,2,9,4,0,3,0,1,0,1,1,6236,0
EUW1_7707346115,1787,2026-01-29 19:09:15.000,Red,Diamond,30,35,10,4,3,1,0,3,0,0,0,2,6276,0
EUW1_7707350823,2173,2026-01-29 19:11:14.000,Blue,Master,30,28,3,5,3,3,3,0,0,0,0,0,5576,73
EUW1_7707351173,910,2026-01-29 19:13:05.000,Blue,Master,21,7,0,3,2,0,3,0,0,0,0,0,8081,10
EUW1_7707351645,1841,2026-01-29 19:10:06.000,Red,Master,21,44,9,3,1,4,2,1,1,0,0,1,7316,41
EUW1_7707356697,929,2026-01-29 19:13:46.000,Red,Master,13,32,4,0,0,2,1,2,0,0,0,0,11878,29
EUW1_7707359818,1622,2026-01-29 19:15:29.000,Blue,Master,30,20,4,7,4,0,0,3,0,1,0,1,3935,122
EUW1_7707360050,1778,2026-01-29 19:16:47.000,Blue,Master,39,26,2,11,1,2,1,2,0,0,2,0,10070,0
EUW1_7707362892,1676,2026-01-29 19:16:35.000,Red,Master,15,24,5,3,1,3,3,0,0,0,0,1,4810,176
EUW1_7707363292,1558,2026-01-29 19:18:28.000,Blue,Master,37,25,2,9,3,0,0,3,1,0,1,0,4939,58
EUW1_7707365934,1780,2026-01-29 19:18:55.000,Blue,Master,39,17,2,10,4,0,3,0,1,0,1,0,11145,0
EUW1_7707369078,962,2026-01-29 19:22:27.000,Blue,Master,15,10,0,1,1,1,3,0,0,0,0,0,4586,62
EUW1_7707377120,1254,2026-01-29 19:26:12.000,Red,Master,13,19,7,0,0,3,3,0,0,1,0,0,10442,54
EUW1_7707381260,1873,2026-01-29 19:28:42.000,Red,Master,25,34,7,3,0,4,3,0,0,1,0,1,8918,73
EUW1_7707388974,1818,2026-01-29 19:31:38.000,Red,Master,21,29,7,5,1,3,3,0,1,0,0,1,4794,18
EUW1_7707390189,1275,2026-01-29 19:32:53.000,Red,Master,8,27,9,0,0,3,0,3,0,1,0,0,12029,75
EUW1_7707390497,928,2026-01-29 19:29:52.000,Blue,Master,24,7,0,2,1,0,2,1,0,0,0,0,8523,28
EUW1_7707391718,1788,2026-01-29 19:30:55.000,Blue,Master,35,19,4,11,3,1,0,3,1,0,1,0,11938,0
EUW1_7707393045,1414,2026-01-29 19:32:46.000,Blue,Master,29,15,0,5,1,1,3,0,1,0,0,0,10689,214
EUW1_7707400094,1925,2026-01-29 19:37:35.000,Blue,Master,36,24,4,7,4,1,3,0,0,0,2,0,5744,125
EUW1_7707400519,1934,2026-01-29 19:35:09.000,Red,Master,29,29,6,6,0,5,1,2,1,0,0,1,3378,134
EUW1_7707403510,1649,2026-01-29 19:35:48.000,Blue,Diamond,27,18,0,9,3,0,3,0,1,0,0,0,9584,149
EUW1_7707426972,1842,2026-01-29 19:49:59.000,Red,Platinum,23,35,7,4,1,4,2,1,0,0,0,1,7028,42
EUW1_7707427854,1467,2026-01-29 19:49:34.000,Blue,Master,37,15,1,11,3,0,2,1,1,0,1,0,17939,0
EUW1_7707438372,1649,2026-01-29 19:56:23.000,Blue,Master,36,25,2,6,3,0,3,0,0,1,1,0,8337,149
EUW1_7707441107,2303,2026-01-29 19:57:00.000,Blue,Master,31,35,4,11,1,4,3,0,1,0,0,2,-8211,203
EUW1_7707441290,1380,2026-01-29 19:57:45.000,Red,Diamond,23,32,5,0,0,2,0,3,0,1,0,0,7002,180
EUW1_7707442203,1335,2026-01-29 19:57:11.000,Blue,Master,24,6,0,6,3,0,3,0,1,0,0,0,11444,135
EUW1_7707446661,1769,2026-01-29 19:57:48.000,Red,Master,15,34,11,2,1,4,0,3,0,1,0,2,11583,0
EUW1_7707450989,1777,2026-01-29 20:00:17.000,Red,Diamond,24,37,7,4,1,3,2,1,0,1,0,1,4710,0
EUW1_7707451182,1610,2026-01-29 20:01:49.000,Blue,Master,22,17,2,5,3,0,1,2,0,1,1,0,11826,110
EUW1_7707455431,1203,2026-01-29 20:04:54.000,Red,Diamond,13,30,9,0,0,3,3,0,0,1,0,0,13906,3
EUW1_7707458391,1907,2026-01-29 20:06:13.000,Red,Grandmaster,26,35,7,2,2,3,1,2,1,0,1,0,5165,107
EUW1_7707458644,1905,2026-01-29 20:03:42.000,Red,Diamond,31,37,7,2,0,4,0,3,1,0,0,2,2709,105
EUW1_7707468505,1829,2026-01-29 20:07:02.000,Blue,Master,27,19,1,7,4,0,0,3,1,0,1,0,11181,29
EUW1_7707473967,1478,2026-01-29 20:10:38.000,Blue,Master,37,20,3,9,2,0,0,3,0,1,1,0,9450,0
EUW1_7707475072,1972,2026-01-29 20:12:10.000,Blue,Master,49,31,3,6,2,2,3,0,0,0,1,0,10681,172
EUW1_7707482739,1125,2026-01-29 20:13:36.000,Red,Diamond,4,16,4,0,0,2,0,3,0,0,0,0,7950,225
EUW1_7707488051,1157,2026-01-29 20:18:27.000,Blue,Master,21,6,0,8,2,0,3,0,1,0,0,0,11154,0
EUW1_7707491524,1567,2026-01-29 20:17:59.000,Blue,Grandmaster,35,28,4,4,1,2,3,0,0,1,1,0,3480,67
EUW1_7707494713,1595,2026-01-29 20:19:50.000,Blue,Diamond,34,18,2,8,3,1,0,3,1,0,1,0,10485,95
EUW1_7707495493,1439,2026-01-29 20:18:47.000,Blue,Diamond,28,18,4,4,2,0,0,3,1,0,0,0,3331,239
EUW1_7707496433,1798,2026-01-29 20:23:18.000,Red,Master,33,30,13,4,2,2,0,3,0,1,0,2,3203,0
EUW1_7707498971,1845,2026-01-29 20:23:45.000,Blue,Master,38,26,6,9,2,2,3,0,1,0,1,0,6049,45
EUW1_7707506951,2425,2026-01-29 20:27:58.000,Red,Diamond,46,67,8,11,3,3,0,3,1,0,1,2,8385,25
EUW1_7707528982,1656,2026-01-29 20:37:26.000,Red,Master,16,32,8,3,0,3,0,3,0,1,0,1,12222,156
EUW1_7707531673,1906,2026-01-29 20:37:17.000,Blue,Challenger,35,28,3,9,1,3,3,0,0,0,1,0,9824,106
EUW1_7707533169,1200,2026-01-29 20:39:03.000,Red,Master,12,25,10,0,1,1,0,3,0,1,0,0,9368,0
EUW1_7707544558,1863,2026-01-29 20:42:15.000,Red,Master,27,43,6,3,0,4,0,3,1,0,0,0,9413,63
EUW1_7707551473,1978,2026-01-29 20:45:19.000,Red,Master,25,41,8,2,1,4,3,0,1,0,1,1,7627,178
EUW1_7707563583,2090,2026-01-29 20:51:31.000,Blue,Master,35,27,1,11,3,2,3,0,1,0,2,0,17102,0
EUW1_7707570863,1388,2026-01-29 20:57:05.000,Blue,Master,34,16,1,6,1,1,3,0,1,0,0,0,9517,188
EUW1_7707571754,2149,2026-01-29 20:56:37.000,Blue,Master,43,39,6,6,3,2,3,0,0,1,1,1,675,49
EUW1_7707572265,1038,2026-01-29 20:59:17.000,Blue,Master,16,10,0,3,1,1,3,0,0,0,0,0,4099,138
EUW1_7707576613,1441,2026-01-29 20:58:38.000,Blue,Master,41,20,2,10,3,0,3,0,1,0,1,0,15164,0
EUW1_7707577438,1754,2026-01-29 21:02:45.000,Red,Master,34,50,9,4,1,3,0,3,0,1,0,1,5357,0
EUW1_7707578865,1597,2026-01-29 21:00:53.000,Blue,Grandmaster,34,24,3,7,2,2,3,0,0,0,1,0,7859,97
EUW1_7707597719,2430,2026-01-29 21:09:37.000,Red,Master,33,40,7,4,2,4,0,3,1,0,1,2,5291,30
EUW1_7707598523,914,2026-01-29 21:09:10.000,Blue,Master,23,8,1,2,1,0,2,1,0,0,0,0,8152,14
EUW1_7707602425,1570,2026-01-29 21:14:17.000,Blue,Master,37,21,2,6,1,3,0,3,1,0,0,0,9803,70
EUW1_7707611329,2171,2026-01-29 21:19:12.000,Blue,Master,39,30,6,6,2,3,0,3,0,0,2,0,256,71
EUW1_7707611985,303,2026-01-29 21:17:37.000,Red,Diamond,2,6,0,0,0,0,0,0,0,0,0,0,2399,3
EUW1_7707612466,1702,2026-01-29 21:14:49.000,Red,Master,19,23,7,3,1,3,3,0,0,1,0,0,6668,202
EUW1_7707618760,1548,2026-01-29 21:19:58.000,Red,Master,28,43,5,4,1,3,3,0,1,0,0,1,7529,48
EUW1_7707619865,1768,2026-01-29 21:20:59.000,Blue,Diamond,49,24,3,11,2,1,0,3,0,1,2,0,15521,0
EUW1_7707623340,2154,2026-01-29 21:23:47.000,Red,Master,29,33,6,6,2,3,3,0,1,0,1,1,5242,54
EUW1_7707629319,1469,2026-01-29 21:27:17.000,Blue,Master,26,12,2,8,2,1,3,0,1,0,1,0,10923,0
EUW1_7707649449,1744,2026-01-29 21:38:25.000,Blue,Platinum,28,21,4,10,4,1,3,0,1,0,2,0,10693,0
EUW1_7707655880,1798,2026-01-29 21:39:19.000,Red,Master,20,23,9,1,3,2,1,2,0,1,1,0,9082,0
EUW1_7707659193,1893,2026-01-29 21:43:30.000,Blue,Master,21,29,8,5,0,4,0,3,0,1,0,1,-3189,93
EUW1_7707660681,1805,2026-01-29 21:41:09.000,Red,Master,36,33,9,2,0,4,0,3,0,1,1,0,7960,5
EUW1_7707664750,1899,2026-01-29 21:42:29.000,Red,Master,28,32,8,3,1,3,3,0,1,0,0,1,3137,99
EUW1_7707667704,1486,2026-01-29 21:45:11.000,Blue,Master,33,17,0,10,3,1,3,0,1,0,1,0,9199,0
EUW1_7707667875,1302,2026-01-29 21:45:49.000,Blue,Master,35,16,0,6,2,0,0,3,1,0,0,0,12265,102
EUW1_7707671396,2046,2026-01-29 21:49:59.000,Red,Master,30,30,10,2,0,5,1,2,1,0,0,1,6917,0
EUW1_7707676009,1988,2026-01-29 21:50:21.000,Red,Master,24,36,6,5,3,2,0,3,0,1,1,1,5883,188
EUW1_7707681402,934,2026-01-29 21:55:44.000,Blue,Diamond,14,6,0,2,1,0,3,0,0,0,0,0,7473,34
EUW1_7707684950,1758,2026-01-29 21:54:13.000,Blue,Challenger,37,34,4,7,2,2,0,3,1,0,1,0,4674,0
EUW1_7707687307,1806,2026-01-29 21:58:36.000,Red,Diamond,35,46,11,6,1,3,2,1,1,0,1,0,3647,6
EUW1_7707689458,1610,2026-01-29 21:55:06.000,Red,Master,26,24,7,4,1,2,3,0,0,1,1,0,2319,110
EUW1_7707689966,1044,2026-01-29 21:57:54.000,Blue,Master,24,8,0,5,1,0,3,0,0,0,0,0,10996,144
EUW1_7707692443,1685,2026-01-29 22:00:50.000,Blue,Master,31,11,0,8,3,0,0,3,1,0,1,0,15448,185
EUW1_7707697720,1891,2026-01-29 22:01:05.000,Blue,Master,22,24,4,4,2,3,2,1,0,1,1,0,1780,91
EUW1_7707698094,924,2026-01-29 22:03:39.000,Red,Master,2,19,2,0,0,1,0,3,0,0,0,0,11532,24
EUW1_7707699856,1512,2026-01-29 22:02:45.000,Red,Master,15,38,11,1,0,3,3,0,0,1,0,1,13869,12
EUW1_7707700999,2333,2026-01-29 22:04:07.000,Red,Diamond,42,51,9,8,1,4,3,0,0,1,1,0,946,233
EUW1_7707702107,2016,2026-01-29 22:04:17.000,Red,Master,36,41,7,5,1,3,3,0,1,0,1,1,4284,216
EUW1_7707705650,1889,2026-01-29 22:04:52.000,Blue,Grandmaster,31,29,2,7,2,1,0,3,1,0,1,0,4447,89
EUW1_7707708867,1711,2026-01-29 22:08:11.000,Blue,Challenger,21,22,7,5,2,2,1,2,0,1,1,0,-11,211
EUW1_7707713328,1584,2026-01-29 22:12:58.000,Blue,Master,15,11,3,8,4,0,3,0,1,0,1,0,5929,84
EUW1_7707715559,1932,2026-01-29 22:10:06.000,Red,Master,20,19,6,4,0,4,3,0,1,0,0,1,1521,132
EUW1_7707722934,1242,2026-01-29 22:16:25.000,Red,Master,16,26,9,1,0,3,0,3,0,1,0,0,9585,42
EUW1_7707725387,926,2026-01-29 22:19:41.000,Blue,Diamond,18,7,0,2,2,0,3,0,0,0,0,0,6953,26
EUW1_7707729287,2559,2026-01-29 22:21:36.000,Blue,Master,40,39,8,8,2,4,0,3,1,0,1,2,1778,159
EUW1_7707735434,2200,2026-01-29 22:24:55.000,Blue,Diamond,41,35,4,8,3,2,0,3,0,0,2,0,1158,100
EUW1_7707744208,1689,2026-01-29 22:29:06.000,Blue,Master,20,39,3,4,3,1,3,0,1,0,0,1,-891,189
EUW1_7707744516,1674,2026-01-29 22:26:34.000,Red,Master,12,24,7,3,0,4,3,0,0,1,0,1,7435,174
EUW1_7707747452,2506,2026-01-29 22:33:21.000,Blue,Master,39,43,12,6,4,3,0,3,0,1,1,2,-8735,106
EUW1_7707749372,2269,2026-01-29 22:33:43.000,Red,Master,31,27,5,6,3,3,3,0,1,0,0,2,454,169
EUW1_7707750032,2780,2026-01-29 22:32:35.000,Blue,Challenger,34,53,8,9,1,5,3,0,1,0,2,1,-1391,80
EUW1_7707755436,1966,2026-01-29 22:36:49.000,Red,Master,27,28,7,5,1,3,3,0,0,1,0,1,3357,166
EUW1_7707755827,1792,2026-01-29 22:34:17.000,Red,Master,28,45,10,2,1,3,0,3,0,1,0,1,15717,0
EUW1_7707761480,2180,2026-01-29 22:35:23.000,Blue,Master,36,47,8,5,3,3,3,0,1,0,2,0,1067,80
EUW1_7707762445,1529,2026-01-29 22:40:29.000,Blue,Diamond,35,21,1,9,2,1,0,3,1,0,1,0,9578,29
EUW1_7707762454,1794,2026-01-29 22:39:56.000,Blue,Master,44,31,6,9,2,2,3,0,1,0,1,0,9919,0
EUW1_7707764209,1804,2026-01-29 22:40:47.000,Red,Master,13,41,11,1,1,3,0,3,0,1,0,2,12382,4
EUW1_7707768610,2313,2026-01-29 22:41:17.000,Red,Master,31,23,2,12,3,2,1,2,1,0,2,1,-175,213
EUW1_7707770564,1415,2026-01-29 22:40:38.000,Red,Diamond,6,21,4,0,0,3,0,3,0,1,0,0,14338,215
EUW1_7707772146,1500,2026-01-29 22:44:25.000,Blue,Diamond,33,14,2,7,2,1,2,1,1,0,0,0,10506,0
EUW1_7707783355,1587,2026-01-29 22:53:09.000,Red,Master,11,21,1,3,0,4,3,0,1,0,0,1,3909,87
EUW1_7707787996,912,2026-01-29 22:53:50.000,Red,Master,12,25,4,1,0,1,3,0,0,0,0,0,6420,12
EUW1_7707788644,1758,2026-01-29 22:52:13.000,Blue,Master,34,23,1,11,2,2,3,0,0,1,2,0,11828,0
EUW1_7707794132,1760,2026-01-29 22:57:21.000,Red,Master,20,33,11,4,1,3,3,0,0,1,0,2,8138,0
EUW1_7707800111,1536,2026-01-29 23:01:41.000,Red,Diamond,20,40,11,0,1,2,0,3,1,0,0,1,14702,36
EUW1_7707800135,2352,2026-01-29 23:01:29.000,Red,Unranked,33,39,11,3,2,4,0,3,0,1,0,2,4870,0
EUW1_7707815637,1455,2026-01-29 23:08:22.000,Red,Master,23,38,10,1,0,3,0,3,0,1,0,1,15001,0
EUW1_7707828632,2129,2026-01-29 23:17:28.000,Blue,Diamond,44,32,4,10,3,3,3,0,0,1,1,1,2976,29
EUW1_7707837130,956,2026-01-29 23:25:48.000,Red,Diamond,5,14,1,1,0,1,0,3,0,0,0,0,4552,56
EUW1_7707839929,1942,2026-01-29 23:24:41.000,Blue,Master,23,25,5,7,3,2,3,0,1,0,0,1,-1649,142
EUW1_7707841188,2153,2026-01-29 23:27:32.000,Red,Master,38,42,6,5,2,4,0,3,0,1,1,1,4824,53
EUW1_7707843396,1172,2026-01-29 23:31:45.000,Blue,Master,22,7,0,5,2,1,3,0,1,0,0,0,13541,0
EUW1_7707847902,1140,2026-01-29 23:32:12.000,Blue,Master,23,12,0,3,1,1,3,0,0,0,0,0,5246,240
EUW1_7707848307,1352,2026-01-29 23:35:52.000,Blue,Master,14,13,1,4,2,0,3,0,1,0,0,0,2147,152
EUW1_7707851278,1803,2026-01-29 23:35:55.000,Blue,Master,46,21,4,10,4,1,1,2,0,1,1,0,15600,3
EUW1_7707854333,1608,2026-01-29 23:39:54.000,Red,Diamond,17,28,8,2,0,4,3,0,0,0,0,1,7538,108
EUW1_7707858898,1595,2026-01-29 23:40:18.000,Red,Master,22,31,6,3,1,3,0,3,0,1,1,0,3887,95
EUW1_7707861937,1320,2026-01-29 23:41:30.000,Red,Diamond,16,25,2,1,1,2,3,0,0,0,0,0,1991,120
EUW1_7707863633,1490,2026-01-29 23:41:59.000,Blue,Diamond,37,13,2,11,2,1,3,0,1,0,1,0,16571,0
EUW1_7707876001,1274,2026-01-29 23:55:28.000,Blue,Master,27,13,1,8,3,0,3,0,1,0,0,0,9294,74
EUW1_7707880113,1960,2026-01-30 00:01:00.000,Red,Diamond,25,27,7,3,3,2,0,3,0,1,0,1,4628,160
EUW1_7707882439,1743,2026-01-30 00:05:08.000,Blue,Grandmaster,40,19,2,10,3,2,3,0,1,0,2,0,9120,0
EUW1_7707883429,1667,2026-01-30 00:07:09.000,Red,Diamond,22,23,7,3,0,3,2,1,1,0,0,1,7382,167
EUW1_7707888410,1714,2026-01-30 00:12:53.000,Red,Diamond,25,27,5,1,1,2,0,3,0,1,0,0,3899,214
EUW1_7707890148,1722,2026-01-30 00:11:13.000,Red,Grandmaster,21,28,6,3,0,3,1,2,0,1,0,1,2453,222
EUW1_7707890200,2642,2026-01-30 00:10:56.000,Red,Master,37,44,9,9,2,4,3,0,1,0,1,2,2710,0
EUW1_7707890639,1128,2026-01-30 00:06:50.000,Red,Master,6,23,3,0,0,1,0,3,0,0,0,0,9975,228
EUW1_7707894301,1985,2026-01-30 00:16:23.000,Red,Master,19,24,7,4,3,1,1,2,1,0,0,1,6771,185
EUW1_7707894593,1746,2026-01-30 00:11:00.000,Red,Diamond,36,42,9,3,2,2,0,3,0,0,0,1,7679,0
EUW1_7707897313,1424,2026-01-30 00:20:27.000,Red,Diamond,12,22,3,0,0,3,3,0,0,1,0,0,7424,224
EUW1_7707900406,1578,2026-01-30 00:24:10.000,Blue,Master,30,21,3,3,2,2,0,3,1,0,1,0,7938,78
EUW1_7707900736,2268,2026-01-30 00:17:02.000,Blue,Emerald,36,39,4,6,2,3,3,0,0,1,2,0,5121,168
EUW1_7707901298,1160,2026-01-30 00:22:49.000,Red,Master,10,28,3,1,1,2,0,3,0,1,0,0,10769,0
EUW1_7707904263,1528,2026-01-30 00:26:35.000,Blue,Grandmaster,36,24,3,8,3,0,3,0,0,0,1,0,8032,28
EUW1_7707924052,1551,2026-01-30 00:47:40.000,Blue,Diamond,45,24,4,4,2,2,2,1,0,1,1,0,9380,51
EUW1_7707933091,1440,2026-01-30 01:00:49.000,Red,Master,14,33,6,2,1,2,3,0,0,0,0,0,8750,240
EUW1_7707933105,1698,2026-01-30 01:01:20.000,Blue,Emerald,27,26,4,5,3,1,3,0,0,1,0,0,-432,198
EUW1_7707947019,1770,2026-01-30 01:20:15.000,Red,Master,30,43,10,2,1,3,1,2,0,1,0,1,11683,0
EUW1_7707949496,1977,2026-01-30 01:15:38.000,Blue,Master,24,32,4,5,2,3,0,3,0,1,1,0,502,177
EUW1_7707949523,1829,2026-01-30 01:16:00.000,Blue,Diamond,27,19,2,7,4,0,3,0,0,0,2,0,9800,29
EUW1_7707955079,2095,2026-01-30 01:34:20.000,Red,Master,28,35,7,7,2,3,3,0,1,0,1,0,5150,0
EUW1_7707955256,910,2026-01-30 01:37:46.000,Red,Master,8,19,2,0,0,2,0,3,0,0,0,0,6255,10
EUW1_7707958671,2055,2026-01-30 01:33:53.000,Blue,Diamond,52,37,6,7,3,2,0,3,0,1,2,0,11058,0
EUW1_7707965062,1789,2026-01-30 01:54:24.000,Blue,Master,38,32,2,11,4,1,0,3,0,1,2,0,7108,0
EUW1_7707972477,2297,2026-01-30 01:57:11.000,Red,Grandmaster,31,43,8,7,2,4,3,0,0,1,0,2,642,197
EUW1_7707977574,1832,2026-01-30 02:14:34.000,Blue,Diamond,47,40,5,5,4,1,2,0,0,0,2,0,771,32
EUW1_7707982636,1664,2026-01-30 02:26:59.000,Blue,Master,32,17,2,5,2,2,3,0,1,0,1,0,4770,164
EUW1_7707982878,1826,2026-01-30 02:34:49.000,Blue,Master,28,35,5,7,2,2,3,0,0,1,0,1,5718,26
EUW1_7707983296,2504,2026-01-30 02:47:30.000,Red,Master,43,31,6,7,3,3,0,3,1,0,1,2,-7787,104
EUW1_7707987084,2050,2026-01-30 02:58:21.000,Red,Master,32,46,12,2,1,4,1,2,0,1,0,2,12766,0
EUW1_7707993174,1313,2026-01-30 03:17:03.000,Red,Master,8,16,5,1,0,2,1,2,0,1,0,0,7302,113
EUW1_7707996129,1463,2026-01-30 03:29:16.000,Red,Master,7,29,10,2,0,3,3,0,0,1,0,1,15921,0
EUW1_7707996216,2562,2026-01-30 03:32:38.000,Red,Master,44,48,8,6,4,3,3,0,0,1,0,3,1996,162
EUW1_7708000724,1648,2026-01-30 03:27:47.000,Red,Master,19,33,4,3,0,3,2,1,0,1,0,1,4315,148
EUW1_7708006542,914,2026-01-30 03:49:59.000,Red,Master,11,25,2,0,0,1,0,3,0,0,0,0,7321,14
EUW1_7708007002,1608,2026-01-30 04:10:51.000,Red,Master,19,25,5,3,3,1,3,0,0,1,0,1,2817,108
EUW1_7708008474,1997,2026-01-30 03:52:41.000,Red,Master,23,33,5,4,0,4,0,3,1,0,0,1,781,197
EUW1_7708009425,2022,2026-01-30 04:40:57.000,Red,Diamond,12,18,8,3,0,4,1,2,1,0,0,1,4001,222
EUW1_7708017347,1707,2026-01-30 05:22:30.000,Red,Master,23,28,7,3,0,3,3,0,0,0,0,1,3188,207
EUW1_7708020906,1617,2026-01-30 05:14:03.000,Blue,Master,36,16,2,7,2,1,1,2,1,0,1,0,10054,117
EUW1_7708025268,2095,2026-01-30 05:50:02.000,Red,Diamond,38,47,10,6,2,3,3,0,0,1,1,1,2915,0
EUW1_7708029563,1545,2026-01-30 05:48:43.000,Red,Master,13,22,6,4,1,2,3,0,0,1,0,1,7015,45
EUW1_7708030878,1824,2026-01-30 06:12:25.000,Red,Master,16,31,6,4,0,3,3,0,1,0,0,1,13203,24
EUW1_7708031158,1460,2026-01-30 06:28:23.000,Red,Master,15,38,10,0,0,3,3,0,0,1,0,1,12295,0
EUW1_7708034770,1884,2026-01-30 06:21:11.000,Blue,Diamond,33,30,3,8,4,0,3,0,1,0,1,0,2671,84
EUW1_7708047776,1704,2026-01-30 07:17:08.000,Red,Challenger,24,30,6,0,1,3,0,3,0,0,0,0,5809,204
EUW1_7708051621,1673,2026-01-30 07:31:16.000,Blue,Master,28,27,3,6,3,1,3,0,0,1,0,0,7544,173
EUW1_7708052228,1856,2026-01-30 07:52:26.000,Red,Master,25,34,7,3,0,5,3,0,0,1,0,1,8045,56
EUW1_7708054216,1568,2026-01-30 07:56:06.000,Red,Master,19,28,8,1,0,4,0,3,0,1,0,1,4101,68
EUW1_7708079606,1488,2026-01-30 08:50:27.000,Blue,Master,26,10,3,8,2,1,3,0,1,0,1,0,10048,0
EUW1_7708091643,1591,2026-01-30 09:14:14.000,Red,Master,19,31,5,4,2,2,3,0,0,1,0,1,5290,91
EUW1_7708092797,1815,2026-01-30 09:17:22.000,Blue,Master,43,26,4,7,2,2,2,1,0,1,1,1,8249,15
EUW1_7708097907,1832,2026-01-30 09:27:45.000,Red,Challenger,24,35,7,5,0,4,3,0,1,0,0,1,5847,32
EUW1_7708109950,2502,2026-01-30 09:52:33.000,Blue,Platinum,47,41,5,11,4,2,2,1,0,1,2,1,-4775,102
EUW1_7708187666,1138,2026-01-30 11:30:18.000,Blue,Challenger,17,7,0,2,2,0,3,0,0,0,0,0,5821,238
EUW1_7708244672,1995,2026-01-30 12:33:02.000,Red,Master,28,27,6,3,1,3,0,3,0,1,1,0,3877,195
EUW1_7708260762,1807,2026-01-30 12:49:53.000,Red,Master,23,40,10,1,0,5,3,0,0,1,0,1,13604,7
