MATCH_ID,GAME_DURATION,GAME_DATE,GAME_VERSION,WINNING_TEAM,AVERAGE_RANK,BLUE_KILLS,RED_KILLS,BLUE_TOWERS,RED_TOWERS,BLUE_INHIBITORS,RED_INHIBITORS,BLUE_DRAGONS,RED_DRAGONS,BLUE_VOID_GRUBS,RED_VOID_GRUBS,BLUE_HERALDS,RED_HERALDS,BLUE_BARONS,RED_BARONS,WINNING_GOLD_DIFF,UNLOGGED_DURATION
EUW1_7707876428,2050,2026-01-30 00:00:18.000,16.2.741.3171,BLUE,Diamond,38,36,5,9,0,1,3,2,0,3,1,0,0,2,3609,0
EUW1_7707876445,1542,2026-01-30 00:00:02.000,16.2.741.3171,RED,Master,14,31,7,1,1,0,0,4,0,3,1,0,0,0,9767,42
EUW1_7707880113,1960,2026-01-30 00:01:00.000,16.2.741.3171,RED,Diamond,25,27,7,3,1,0,3,2,0,3,0,1,0,1,4628,160
EUW1_7707880131,957,2026-01-30 00:01:07.000,16.2.741.3171,RED,Master,7,15,1,0,0,0,0,2,0,3,0,0,0,0,4579,57
EUW1_7707880191,2523,2026-01-30 00:00:55.000,16.2.741.3171,RED,Diamond,42,44,7,10,0,1,2,4,3,0,1,0,0,3,4785,123
EUW1_7707882232,2030,2026-01-30 00:02:42.000,16.2.741.3171,BLUE,Master,42,30,6,6,0,0,2,1,3,0,1,0,2,0,827,230
EUW1_7707882269,2184,2026-01-30 00:03:36.000,16.2.741.3171,RED,Master,46,42,6,5,0,0,3,3,3,0,0,1,1,1,-7454,84
EUW1_7707882439,1743,2026-01-30 00:05:08.000,16.2.741.3171,BLUE,Grandmaster,40,19,2,10,0,2,3,2,3,0,1,0,2,0,9120,0
EUW1_7707882881,1119,2026-01-30 00:02:21.000,16.2.741.3171,BLUE,Grandmaster,18,7,0,2,0,0,1,0,3,0,0,0,0,0,6501,219
EUW1_7707883017,1860,2026-01-30 00:03:57.000,16.2.741.3171,RED,Master,25,25,4,4,0,0,0,5,3,0,1,0,1,1,447,60
EUW1_7707883115,1446,2026-01-30 00:04:43.000,16.2.741.3171,BLUE,Diamond,38,20,2,9,0,2,3,0,0,3,1,0,1,0,11920,0
EUW1_7707883429,1667,2026-01-30 00:07:09.000,16.2.741.3171,RED,Diamond,22,23,7,3,0,0,0,3,2,1,1,0,0,1,7382,167
EUW1_7707883751,1547,2026-01-30 00:01:39.000,16.2.741.3171,RED,Master,15,21,5,3,0,0,1,3,3,0,1,0,0,1,5330,47
EUW1_7707884730,2754,2026-01-30 00:01:41.000,16.2.741.3171,BLUE,Master,38,29,7,9,0,3,6,1,3,0,0,1,1,2,-402,54
EUW1_7707884875,1926,2026-01-30 00:03:29.000,16.2.741.3171,RED,Master,38,37,6,3,0,0,3,1,3,0,0,1,0,1,4437,126
EUW1_7707885269,1613,2026-01-30 00:07:53.000,16.2.741.3171,BLUE,Challenger,29,11,1,5,0,0,1,3,3,0,1,0,1,0,9038,113
EUW1_7707886480,1539,2026-01-30 00:01:56.000,16.2.741.3171,BLUE,Master,28,10,1,9,0,3,3,1,2,1,1,0,1,0,13592,39
EUW1_7707887058,1744,2026-01-30 00:07:48.000,16.2.741.3171,RED,Master,26,31,10,3,2,0,0,3,2,1,0,1,0,1,9882,0
EUW1_7707887268,1992,2026-01-30 00:09:32.000,16.2.741.3171,RED,Diamond,27,26,5,7,0,1,3,2,3,0,1,0,1,0,2730,192
EUW1_7707887275,1867,2026-01-30 00:09:20.000,16.2.741.3171,RED,Master,25,33,6,3,1,0,1,4,1,2,1,0,0,1,5587,67
EUW1_7707887504,1619,2026-01-30 00:04:08.000,16.2.741.3171,RED,Master,19,31,6,1,1,0,0,3,3,0,0,1,0,0,8884,119
EUW1_7707887867,1626,2026-01-30 00:07:39.000,16.2.741.3171,BLUE,Diamond,39,23,1,7,0,0,2,1,3,0,1,0,0,1,5893,126
EUW1_7707888026,1854,2026-01-30 00:09:23.000,16.2.741.3171,RED,Diamond,28,40,11,5,2,0,0,4,0,3,0,1,0,2,2090,54
EUW1_7707888410,1714,2026-01-30 00:12:53.000,16.2.741.3171,RED,Diamond,25,27,5,1,0,0,1,2,0,3,0,1,0,0,3899,214
EUW1_7707888775,1540,2026-01-30 00:08:06.000,16.2.741.3171,BLUE,Master,34,33,2,8,0,2,2,2,3,0,1,0,1,0,9675,40
EUW1_7707889229,2120,2026-01-30 00:11:59.000,16.2.741.3171,BLUE,Master,41,26,5,9,1,2,3,2,3,0,1,0,1,1,2102,20
EUW1_7707889284,914,2026-01-30 00:12:18.000,16.2.741.3171,BLUE,Master,20,4,0,4,0,0,2,0,3,0,0,0,0,0,9477,14
EUW1_7707889914,1408,2026-01-30 00:08:43.000,16.2.741.3171,BLUE,Grandmaster,20,11,2,2,0,0,1,2,2,1,1,0,0,0,3108,208
EUW1_7707890148,1722,2026-01-30 00:11:13.000,16.2.741.3171,RED,Grandmaster,21,28,6,3,1,0,0,3,1,2,0,1,0,1,2453,222
EUW1_7707890200,2642,2026-01-30 00:10:56.000,16.2.741.3171,RED,Master,37,44,9,9,2,1,2,4,3,0,1,0,1,2,2710,0
EUW1_7707890401,2045,2026-01-30 00:12:56.000,16.2.741.3171,RED,Diamond,43,49,7,4,1,0,1,4,3,0,1,0,0,2,8652,0
EUW1_7707890639,1128,2026-01-30 00:06:50.000,16.2.741.3171,RED,Master,6,23,3,0,0,0,0,1,0,3,0,0,0,0,9975,228
EUW1_7707890843,1650,2026-01-30 00:07:56.000,16.2.741.3171,BLUE,Diamond,36,20,2,7,0,0,3,0,0,3,1,0,1,0,11370,150
EUW1_7707891477,2186,2026-01-30 00:05:18.000,16.2.741.3171,BLUE,Master,31,26,5,8,0,2,3,2,3,0,1,0,1,0,7614,86
EUW1_7707892477,1660,2026-01-30 00:07:37.000,16.2.741.3171,RED,Master,11,21,5,0,0,0,0,4,0,3,0,1,0,0,8084,160
EUW1_7707892986,1692,2026-01-30 00:13:23.000,16.2.741.3171,RED,Diamond,32,34,4,4,0,0,0,3,3,0,1,0,0,1,6592,192
EUW1_7707893164,2135,2026-01-30 00:14:54.000,16.2.741.3171,BLUE,Master,46,36,4,9,0,2,2,2,2,1,1,0,1,0,-1535,35
EUW1_7707893309,1454,2026-01-30 00:16:26.000,16.2.741.3171,RED,Master,14,29,11,1,3,0,0,3,0,3,0,1,0,1,16171,0
EUW1_7707893594,2367,2026-01-30 00:09:44.000,16.2.741.3171,BLUE,Master,44,40,10,9,4,1,1,4,0,3,1,0,2,1,5204,0
EUW1_7707894157,924,2026-01-30 00:14:50.000,16.2.741.3171,BLUE,Grandmaster,29,6,0,5,0,0,1,0,3,0,0,0,0,0,11865,24
EUW1_7707894268,1926,2026-01-30 00:16:20.000,16.2.741.3171,BLUE,Grandmaster,35,21,3,8,0,2,2,2,0,3,1,0,1,0,5924,126
EUW1_7707894282,1744,2026-01-30 00:16:05.000,16.2.741.3171,RED,Emerald,22,32,8,5,1,0,2,2,1,2,1,0,0,1,8780,0
EUW1_7707894301,1985,2026-01-30 00:16:23.000,16.2.741.3171,RED,Master,19,24,7,4,2,0,3,1,1,2,1,0,0,1,6771,185
EUW1_7707894379,1415,2026-01-30 00:17:37.000,16.2.741.3171,RED,Master,19,37,5,3,0,0,0,3,3,0,1,0,0,0,3139,215
EUW1_7707894593,1746,2026-01-30 00:11:00.000,16.2.741.3171,RED,Diamond,36,42,9,3,1,0,2,2,0,3,0,0,0,1,7679,0
EUW1_7707894916,2042,2026-01-30 00:14:34.000,16.2.741.3171,RED,Master,37,49,7,5,2,0,3,2,3,0,1,0,0,1,1336,0
EUW1_7707895318,1609,2026-01-30 00:17:54.000,16.2.741.3171,BLUE,Master,31,21,3,6,0,1,1,2,2,1,1,0,1,0,4885,109
EUW1_7707895374,1567,2026-01-30 00:17:46.000,16.2.741.3171,BLUE,Diamond,27,28,2,7,0,1,2,1,0,3,1,0,1,0,9270,67
EUW1_7707895387,1842,2026-01-30 00:18:32.000,16.2.741.3171,RED,Master,19,24,6,5,0,0,2,2,3,0,0,1,1,0,1409,42
EUW1_7707896497,1973,2026-01-30 00:12:13.000,16.2.741.3171,RED,Master,20,28,9,1,2,0,1,3,3,0,0,1,0,1,7150,173
EUW1_7707896558,2050,2026-01-30 00:12:36.000,16.2.741.3171,BLUE,Master,34,19,4,8,0,1,3,1,1,2,1,0,0,2,8642,0
EUW1_7707896600,1223,2026-01-30 00:12:34.000,16.2.741.3171,BLUE,Master,26,10,1,7,0,0,2,1,3,0,1,0,0,0,9583,23
EUW1_7707896818,1628,2026-01-30 00:14:56.000,16.2.741.3171,RED,Master,13,19,9,1,2,0,0,4,0,3,0,1,0,1,13689,128
EUW1_7707896869,2235,2026-01-30 00:15:55.000,16.2.741.3171,RED,Master,38,45,6,5,0,0,1,4,3,0,0,1,0,2,-52,135
EUW1_7707897192,1971,2026-01-30 00:19:38.000,16.2.741.3171,BLUE,Master,33,31,4,6,0,0,4,0,3,0,1,0,0,2,1077,171
EUW1_7707897307,1967,2026-01-30 00:20:41.000,16.2.741.3171,BLUE,Master,32,37,7,4,0,0,1,3,3,0,0,1,1,1,-2079,167
EUW1_7707897313,1424,2026-01-30 00:20:27.000,16.2.741.3171,RED,Diamond,12,22,3,0,0,0,0,3,3,0,0,1,0,0,7424,224
EUW1_7707897552,2399,2026-01-30 00:14:54.000,16.2.741.3171,RED,Diamond,56,51,10,7,2,1,3,3,3,0,1,0,0,1,6597,0
EUW1_7707897593,1729,2026-01-30 00:14:57.000,16.2.741.3171,RED,Master,14,27,6,1,0,0,2,2,3,0,0,1,0,1,11331,229
EUW1_7707897776,1978,2026-01-30 00:17:07.000,16.2.741.3171,RED,Grandmaster,25,35,4,11,0,2,1,4,0,3,1,0,0,2,-1744,178
EUW1_7707897856,1537,2026-01-30 00:18:02.000,16.2.741.3171,RED,Master,25,37,7,3,1,0,2,1,1,2,1,0,1,0,9298,37
EUW1_7707898215,1570,2026-01-30 00:21:43.000,16.2.741.3171,BLUE,Unranked,30,15,0,7,0,0,3,0,1,2,1,0,1,0,14835,70
EUW1_7707898529,2561,2026-01-30 00:14:51.000,16.2.741.3171,BLUE,Diamond,40,41,6,5,1,0,1,4,0,3,0,1,0,2,-4045,161
EUW1_7707899224,1718,2026-01-30 00:21:34.000,16.2.741.3171,RED,Master,18,38,5,3,0,0,0,4,3,0,1,0,0,1,9600,218
EUW1_7707899621,1419,2026-01-30 00:15:29.000,16.2.741.3171,RED,Emerald,13,26,4,1,0,0,0,2,3,0,1,0,0,0,8601,219
EUW1_7707900406,1578,2026-01-30 00:24:10.000,16.2.741.3171,BLUE,Master,30,21,3,3,0,0,2,2,0,3,1,0,1,0,7938,78
EUW1_7707900708,2436,2026-01-30 00:17:09.000,16.2.741.3171,BLUE,Diamond,40,28,6,8,1,2,3,3,3,0,1,0,1,1,8465,36
EUW1_7707900736,2268,2026-01-30 00:17:02.000,16.2.741.3171,BLUE,Emerald,36,39,4,6,0,0,2,3,3,0,0,1,2,0,5121,168
EUW1_7707901123,1824,2026-01-30 00:20:43.000,16.2.741.3171,BLUE,Diamond,37,26,4,8,0,1,3,1,3,0,0,1,2,0,7455,24
EUW1_7707901298,1160,2026-01-30 00:22:49.000,16.2.741.3171,RED,Master,10,28,3,1,0,0,1,2,0,3,0,1,0,0,10769,0
EUW1_7707901596,1590,2026-01-30 00:17:03.000,16.2.741.3171,RED,Emerald,17,38,6,1,0,0,0,3,3,0,0,1,0,1,12100,90
EUW1_7707902152,2177,2026-01-30 00:22:43.000,16.2.741.3171,RED,Diamond,45,59,11,5,3,0,2,3,3,0,0,1,0,2,2622,77
EUW1_7707902483,1534,2026-01-30 00:18:13.000,16.2.741.3171,RED,Master,20,27,4,6,0,0,1,2,2,1,1,0,0,1,3397,34
EUW1_7707902699,1905,2026-01-30 00:19:48.000,16.2.741.3171,BLUE,Master,22,25,5,5,0,0,3,2,3,0,1,0,1,0,-504,105
EUW1_7707902704,2154,2026-01-30 00:20:10.000,16.2.741.3171,BLUE,Diamond,44,41,6,7,1,1,2,2,0,3,0,1,1,1,5865,54
EUW1_7707903000,1617,2026-01-30 00:23:10.000,16.2.741.3171,RED,Grandmaster,27,32,7,2,0,0,2,2,1,2,1,0,0,1,6183,117
EUW1_7707903092,2313,2026-01-30 00:24:44.000,16.2.741.3171,RED,Master,33,44,7,6,0,0,3,3,3,0,0,1,0,2,3041,213
EUW1_7707903758,1568,2026-01-30 00:21:20.000,16.2.741.3171,BLUE,Emerald,28,21,2,6,0,0,2,2,3,0,1,0,0,1,5548,68
EUW1_7707903851,1438,2026-01-30 00:22:22.000,16.2.741.3171,BLUE,Diamond,25,24,1,5,0,0,1,1,3,0,1,0,0,0,5165,238
EUW1_7707904263,1528,2026-01-30 00:26:35.000,16.2.741.3171,BLUE,Grandmaster,36,24,3,8,0,2,3,0,3,0,0,0,1,0,8032,28
EUW1_7707904487,1100,2026-01-30 00:19:20.000,16.2.741.3171,BLUE,Master,13,10,2,1,0,0,0,2,0,3,0,0,0,0,3283,200
EUW1_7707904854,1862,2026-01-30 00:23:53.000,16.2.741.3171,RED,Master,22,29,7,2,1,0,2,2,0,3,1,0,0,2,8649,62
EUW1_7707905020,1998,2026-01-30 00:25:38.000,16.2.741.3171,BLUE,Emerald,37,22,3,7,0,0,4,1,1,2,0,0,1,0,7571,198
EUW1_7707905068,1560,2026-01-30 00:25:25.000,16.2.741.3171,RED,Challenger,22,40,5,3,0,0,2,1,0,3,0,0,0,1,6442,60
EUW1_7707906299,1826,2026-01-30 00:29:28.000,16.2.741.3171,BLUE,Diamond,41,33,4,9,0,2,2,3,0,3,0,0,1,1,7049,26
EUW1_7707906638,1648,2026-01-30 00:24:17.000,16.2.741.3171,BLUE,Master,27,29,5,3,0,0,2,1,1,2,0,1,0,0,-2216,148
EUW1_7707906773,2145,2026-01-30 00:25:16.000,16.2.741.3171,BLUE,Master,41,33,6,4,0,0,2,3,3,0,0,0,1,0,831,45
EUW1_7707907066,2081,2026-01-30 00:29:07.000,16.2.741.3171,RED,Challenger,34,50,10,3,1,0,0,4,3,0,0,0,0,2,10223,0
EUW1_7707907127,1446,2026-01-30 00:28:35.000,16.2.741.3171,RED,Challenger,23,41,6,5,1,0,0,3,3,0,1,0,0,1,9452,0
EUW1_7707907419,2088,2026-01-30 00:33:03.000,16.2.741.3171,RED,Master,48,36,9,7,1,0,2,2,3,0,0,1,0,0,2314,0
EUW1_7707907626,2311,2026-01-30 00:26:18.000,16.2.741.3171,RED,Master,38,35,6,8,0,2,2,1,0,3,1,0,2,0,2082,211
EUW1_7707908681,1482,2026-01-30 00:26:57.000,16.2.741.3171,RED,Master,11,26,8,1,1,0,0,3,2,1,0,1,0,1,16015,0
EUW1_7707909078,1731,2026-01-30 00:30:21.000,16.2.741.3171,BLUE,Master,26,23,3,7,0,1,2,2,1,2,1,0,1,0,8604,231
EUW1_7707909365,1324,2026-01-30 00:33:12.000,16.2.741.3171,BLUE,Master,22,13,2,5,0,0,1,2,1,2,0,1,0,0,6237,124
EUW1_7707910345,2122,2026-01-30 00:34:18.000,16.2.741.3171,BLUE,Master,42,27,3,8,0,1,3,2,3,0,0,0,2,0,4163,22
EUW1_7707910383,913,2026-01-30 00:34:43.000,16.2.741.3171,RED,Master,6,32,2,0,0,0,0,2,0,3,0,0,0,0,11358,13
EUW1_7707910705,916,2026-01-30 00:27:29.000,16.2.741.3171,RED,Master,5,23,3,0,0,0,0,2,3,0,0,0,0,0,9868,16
EUW1_7707912318,1003,2026-01-30 00:35:43.000,16.2.741.3171,BLUE,Diamond,27,8,0,1,0,0,2,0,3,0,0,0,0,0,6589,103
EUW1_7707912633,1487,2026-01-30 00:30:38.000,16.2.741.3171,BLUE,Master,29,19,3,7,0,0,2,1,2,1,0,1,1,0,9033,0
EUW1_7707912751,1985,2026-01-30 00:32:12.000,16.2.741.3171,RED,Master,36,32,5,3,0,0,1,4,2,1,0,1,2,0,1977,185
EUW1_7707913078,1478,2026-01-30 00:35:28.000,16.2.741.3171,BLUE,Grandmaster,39,23,4,8,0,1,2,1,0,3,1,0,1,0,9277,0
EUW1_7707913292,1572,2026-01-30 00:37:56.000,16.2.741.3171,BLUE,Grandmaster,24,16,1,9,0,1,4,0,3,0,1,0,1,0,7567,72
EUW1_7707913561,1873,2026-01-30 00:29:35.000,16.2.741.3171,RED,Master,27,47,6,5,0,0,0,4,3,0,0,0,0,1,6435,73
EUW1_7707914176,2108,2026-01-30 00:36:23.000,16.2.741.3171,BLUE,Diamond,35,34,7,9,0,1,3,2,0,3,0,1,0,2,6084,8
EUW1_7707914383,934,2026-01-30 00:39:42.000,16.2.741.3171,RED,Diamond,4,19,4,0,0,0,0,2,0,3,0,0,0,0,10965,34
EUW1_7707914418,1664,2026-01-30 00:39:42.000,16.2.741.3171,BLUE,Master,30,15,0,7,0,0,2,1,3,0,1,0,1,0,10144,164
EUW1_7707914555,1867,2026-01-30 00:31:23.000,16.2.741.3171,BLUE,Master,51,38,4,7,0,1,4,1,3,0,1,0,1,1,3375,67
EUW1_7707914680,1571,2026-01-30 00:32:45.000,16.2.741.3171,BLUE,Grandmaster,22,23,2,4,0,0,2,1,3,0,0,0,1,0,1556,71
EUW1_7707915146,1916,2026-01-30 00:37:53.000,16.2.741.3171,RED,Master,42,37,7,1,1,0,0,4,0,3,0,1,0,2,11111,116
EUW1_7707915601,1949,2026-01-30 00:32:36.000,16.2.741.3171,BLUE,Master,30,32,5,6,0,0,1,3,3,0,1,0,0,1,3759,149
EUW1_7707915749,1561,2026-01-30 00:33:57.000,16.2.741.3171,BLUE,Grandmaster,25,13,1,9,0,2,1,2,3,0,1,0,1,0,9202,61
EUW1_7707915784,1752,2026-01-30 00:34:50.000,16.2.741.3171,BLUE,Master,29,22,3,8,0,1,1,3,3,0,1,0,0,1,6125,0
EUW1_7707915937,2044,2026-01-30 00:36:18.000,16.2.741.3171,RED,Master,37,56,9,6,2,1,0,5,3,0,0,0,1,0,11058,0
EUW1_7707915938,1807,2026-01-30 00:36:39.000,16.2.741.3171,RED,Emerald,37,36,9,7,1,0,1,2,1,2,1,0,0,1,7651,7
EUW1_7707915965,1373,2026-01-30 00:36:45.000,16.2.741.3171,BLUE,Emerald,25,14,2,3,0,0,1,2,3,0,1,0,0,0,7946,173
EUW1_7707916207,1631,2026-01-30 00:39:53.000,16.2.741.3171,RED,Master,19,25,3,7,0,0,1,2,3,0,1,0,0,1,1145,131
EUW1_7707916512,2415,2026-01-30 00:33:37.000,16.2.741.3171,BLUE,Master,37,39,9,7,2,0,3,3,3,0,1,0,1,2,-1423,15
EUW1_7707916544,1706,2026-01-30 00:34:26.000,16.2.741.3171,RED,Master,37,28,6,5,1,0,2,1,3,0,1,0,0,1,-1107,206
EUW1_7707916680,1964,2026-01-30 00:36:03.000,16.2.741.3171,BLUE,Master,30,26,4,8,0,2,4,0,2,1,1,0,1,0,3702,164
EUW1_7707917684,1615,2026-01-30 00:37:22.000,16.2.741.3171,BLUE,Master,26,23,5,8,1,2,2,2,3,0,0,0,1,0,7481,115
EUW1_7707917805,2230,2026-01-30 00:38:35.000,16.2.741.3171,BLUE,Master,36,26,3,8,0,2,3,2,3,0,1,0,1,0,11636,130
EUW1_7707917960,1598,2026-01-30 00:41:01.000,16.2.741.3171,BLUE,Master,36,36,4,2,0,0,1,2,3,0,0,1,1,0,735,98
EUW1_7707919117,1816,2026-01-30 00:42:59.000,16.2.741.3171,RED,Master,37,37,10,6,3,0,2,2,3,0,1,0,0,1,9293,16
EUW1_7707919230,1645,2026-01-30 00:44:15.000,16.2.741.3171,RED,Grandmaster,22,43,6,2,0,0,2,0,0,3,0,0,0,1,9481,145
EUW1_7707919271,911,2026-01-30 00:45:12.000,16.2.741.3171,BLUE,Diamond,24,9,0,3,0,0,2,0,3,0,0,0,0,0,8937,11
EUW1_7707919660,1551,2026-01-30 00:37:41.000,16.2.741.3171,BLUE,Diamond,36,25,3,8,0,1,2,2,0,3,1,0,1,0,8843,51
EUW1_7707919854,1625,2026-01-30 00:39:45.000,16.2.741.3171,RED,Master,17,24,5,4,0,0,0,3,3,0,1,0,0,1,5276,125
EUW1_7707920248,1897,2026-01-30 00:45:34.000,16.2.741.3171,BLUE,Challenger,31,19,5,6,0,0,4,1,1,2,1,0,2,0,5380,97
EUW1_7707920631,1405,2026-01-30 00:38:19.000,16.2.741.3171,BLUE,Diamond,17,13,0,3,0,0,1,0,3,0,1,0,0,0,5571,205
EUW1_7707920725,1136,2026-01-30 00:39:09.000,16.2.741.3171,BLUE,Grandmaster,18,4,0,2,0,0,0,2,3,0,0,0,0,0,9580,236
EUW1_7707920823,1039,2026-01-30 00:40:13.000,16.2.741.3171,RED,Master,15,8,1,0,0,0,0,2,3,0,0,0,0,0,-1636,139
EUW1_7707920916,1980,2026-01-30 00:41:20.000,16.2.741.3171,RED,Gold,26,34,5,5,0,0,2,3,3,0,0,1,0,0,6491,180
EUW1_7707921493,1365,2026-01-30 00:37:44.000,16.2.741.3171,BLUE,Master,19,18,1,5,0,0,2,1,3,0,0,0,0,0,5511,165
EUW1_7707921872,1191,2026-01-30 00:42:35.000,16.2.741.3171,BLUE,Master,23,10,0,11,0,3,3,0,3,0,1,0,0,0,16371,0
EUW1_7707922041,411,2026-01-30 00:44:27.000,16.2.741.3171,BLUE,Master,5,2,0,0,0,0,0,0,0,0,0,0,0,0,1627,111
EUW1_7707922050,1530,2026-01-30 00:44:49.000,16.2.741.3171,RED,Master,16,38,9,3,1,0,0,3,3,0,0,1,0,1,14946,30
EUW1_7707922550,1616,2026-01-30 00:41:17.000,16.2.741.3171,BLUE,Master,26,23,3,5,0,0,3,1,0,3,0,1,1,0,6902,116
EUW1_7707923066,1767,2026-01-30 00:47:27.000,16.2.741.3171,BLUE,Master,36,26,2,10,0,2,1,3,3,0,0,1,1,0,10270,0
EUW1_7707923723,1225,2026-01-30 00:43:35.000,16.2.741.3171,RED,Master,14,20,3,1,0,0,0,3,3,0,0,1,0,0,3622,25
EUW1_7707923910,1402,2026-01-30 00:45:21.000,16.2.741.3171,RED,Diamond,14,24,2,4,0,0,0,3,3,0,1,0,0,0,6077,202
EUW1_7707924052,1551,2026-01-30 00:47:40.000,16.2.741.3171,BLUE,Diamond,45,24,4,4,0,0,2,2,2,1,0,1,1,0,9380,51
EUW1_7707924248,1614,2026-01-30 00:49:45.000,16.2.741.3171,RED,Emerald,21,37,6,3,1,0,0,4,2,1,1,0,0,1,10096,114
EUW1_7707924470,1836,2026-01-30 00:42:29.000,16.2.741.3171,BLUE,Master,35,26,3,9,0,2,3,1,0,3,1,0,2,0,9239,36
EUW1_7707924615,1689,2026-01-30 00:43:33.000,16.2.741.3171,BLUE,Master,21,15,2,5,0,0,2,2,0,3,1,0,1,0,7094,189
EUW1_7707924884,1556,2026-01-30 00:46:43.000,16.2.741.3171,BLUE,Emerald,31,22,0,11,0,2,2,2,3,0,0,0,0,0,5575,56
EUW1_7707924925,2023,2026-01-30 00:46:55.000,16.2.741.3171,RED,Master,27,31,6,4,0,0,3,2,1,2,0,1,1,0,1889,223
EUW1_7707925214,913,2026-01-30 00:51:41.000,16.2.741.3171,RED,Master,4,19,2,0,0,0,0,2,3,0,0,0,0,0,9844,13
EUW1_7707925561,1588,2026-01-30 00:44:30.000,16.2.741.3171,BLUE,Diamond,38,22,2,8,0,1,4,0,3,0,1,0,0,1,1756,88
EUW1_7707925718,1469,2026-01-30 00:46:05.000,16.2.741.3171,BLUE,Master,29,23,0,11,0,3,3,0,3,0,1,0,1,0,7714,0
EUW1_7707926080,1361,2026-01-30 00:50:47.000,16.2.741.3171,BLUE,Master,31,14,1,8,0,2,3,0,3,0,1,0,0,0,11470,161
EUW1_7707926244,915,2026-01-30 00:52:36.000,16.2.741.3171,BLUE,Master,20,5,0,4,0,0,1,0,3,0,0,0,0,0,9216,15
EUW1_7707926415,1331,2026-01-30 00:55:12.000,16.2.741.3171,RED,Master,6,23,7,1,1,0,0,3,3,0,0,1,0,0,11591,131
EUW1_7707926435,919,2026-01-30 00:55:35.000,16.2.741.3171,BLUE,Diamond,14,10,1,2,0,0,0,1,3,0,0,0,0,0,1692,19
EUW1_7707927410,1972,2026-01-30 00:57:08.000,16.2.741.3171,BLUE,Grandmaster,21,28,6,5,0,0,3,2,3,0,0,1,1,1,305,172
EUW1_7707927790,1358,2026-01-30 00:50:49.000,16.2.741.3171,RED,Gold,11,27,4,3,0,0,1,2,3,0,1,0,0,0,9242,158
EUW1_7707928043,2257,2026-01-30 00:54:20.000,16.2.741.3171,BLUE,Master,38,48,6,5,1,0,1,4,3,0,0,1,1,1,-5614,157
EUW1_7707928274,2187,2026-01-30 00:56:22.000,16.2.741.3171,RED,Challenger,50,42,7,6,0,1,3,3,3,0,1,0,1,1,-1429,87
EUW1_7707928483,915,2026-01-30 00:47:46.000,16.2.741.3171,RED,Diamond,2,19,4,0,0,0,0,2,0,3,0,0,0,0,12258,15
EUW1_7707928865,1299,2026-01-30 00:52:34.000,16.2.741.3171,BLUE,Master,28,16,3,8,0,1,2,0,0,3,1,0,0,0,11000,99
EUW1_7707929599,1451,2026-01-30 00:49:34.000,16.2.741.3171,BLUE,Grandmaster,44,20,1,10,0,2,3,1,3,0,0,1,1,0,15443,0
EUW1_7707929602,1940,2026-01-30 00:48:32.000,16.2.741.3171,RED,Diamond,20,28,7,3,1,0,0,4,0,3,0,1,1,1,3246,140
EUW1_7707929682,2479,2026-01-30 00:50:32.000,16.2.741.3171,BLUE,Challenger,44,58,10,7,5,0,2,4,3,0,1,0,1,2,2740,79
EUW1_7707930132,553,2026-01-30 00:55:45.000,16.2.741.3171,RED,Master,9,8,0,0,0,0,0,1,0,3,0,0,0,0,111,0
EUW1_7707930198,1268,2026-01-30 00:57:07.000,16.2.741.3171,BLUE,Master,24,16,1,4,0,0,2,1,3,0,1,0,0,0,2162,68
EUW1_7707930607,1844,2026-01-30 00:50:52.000,16.2.741.3171,BLUE,Master,38,19,3,6,0,0,4,1,0,3,1,0,0,1,6180,44
EUW1_7707931168,2044,2026-01-30 00:57:35.000,16.2.741.3171,RED,Master,33,42,9,9,1,2,3,2,1,2,0,1,2,1,5307,0
EUW1_7707931544,1424,2026-01-30 00:50:24.000,16.2.741.3171,BLUE,Master,19,19,0,2,0,0,0,3,3,0,1,0,0,0,1920,224
EUW1_7707931887,1894,2026-01-30 00:53:57.000,16.2.741.3171,RED,Diamond,21,34,7,3,2,0,2,1,3,0,1,0,1,0,9268,94
EUW1_7707932217,1666,2026-01-30 00:59:14.000,16.2.741.3171,BLUE,Master,39,23,3,5,0,0,3,0,3,0,1,0,1,0,6133,166
EUW1_7707932416,2375,2026-01-30 01:01:30.000,16.2.741.3171,RED,Diamond,41,39,11,7,4,1,3,3,1,2,1,0,0,2,5983,0
EUW1_7707932422,1903,2026-01-30 01:01:27.000,16.2.741.3171,BLUE,Master,38,19,3,6,0,0,2,1,3,0,1,0,2,0,7740,103
EUW1_7707932480,1664,2026-01-30 00:52:47.000,16.2.741.3171,RED,Master,23,33,6,1,0,0,1,2,0,3,0,1,0,0,8468,164
EUW1_7707933091,1440,2026-01-30 01:00:49.000,16.2.741.3171,RED,Master,14,33,6,2,0,0,1,2,3,0,0,0,0,0,8750,240
EUW1_7707933105,1698,2026-01-30 01:01:20.000,16.2.741.3171,BLUE,Emerald,27,26,4,5,0,0,3,1,3,0,0,1,0,0,-432,198
EUW1_7707933635,1584,2026-01-30 00:54:53.000,16.2.741.3171,RED,Diamond,23,42,8,2,0,0,1,3,2,1,0,1,0,1,9077,84
EUW1_7707933817,1862,2026-01-30 00:57:12.000,16.2.741.3171,BLUE,Master,38,26,8,7,1,2,4,1,3,0,1,0,2,0,6663,62
EUW1_7707933922,1886,2026-01-30 00:58:48.000,16.2.741.3171,RED,Master,28,35,5,5,0,0,1,4,3,0,1,0,1,1,946,86
EUW1_7707933984,1855,2026-01-30 01:00:03.000,16.2.741.3171,RED,Diamond,21,29,8,2,2,0,1,3,3,0,0,1,0,2,10396,55
EUW1_7707934463,1019,2026-01-30 00:54:20.000,16.2.741.3171,RED,Master,9,16,0,0,0,0,0,2,3,0,0,0,0,0,3867,119
EUW1_7707935286,1645,2026-01-30 01:06:05.000,16.2.741.3171,RED,Master,15,30,9,4,2,0,1,2,0,3,1,0,0,1,8946,145
EUW1_7707936424,1406,2026-01-30 01:09:37.000,16.2.741.3171,RED,Master,26,25,3,1,0,0,1,2,1,2,0,1,0,0,973,206
EUW1_7707936467,1545,2026-01-30 00:57:40.000,16.2.741.3171,RED,Challenger,18,38,6,2,1,0,0,3,0,3,0,1,0,1,12205,45
EUW1_7707937161,1935,2026-01-30 01:08:10.000,16.2.741.3171,BLUE,Master,24,16,5,6,0,0,3,1,3,0,1,0,2,0,3476,135
EUW1_7707937398,1859,2026-01-30 01:10:50.000,16.2.741.3171,RED,Master,23,34,8,4,0,0,2,2,2,1,0,1,0,1,5540,59
EUW1_7707937782,932,2026-01-30 01:04:30.000,16.2.741.3171,RED,Diamond,7,19,1,0,0,0,0,2,0,3,0,0,0,0,5705,32
EUW1_7707938024,1722,2026-01-30 01:07:43.000,16.2.741.3171,BLUE,Master,30,24,4,5,0,0,2,2,0,3,0,0,0,1,2650,222
EUW1_7707938169,1863,2026-01-30 01:09:33.000,16.2.741.3171,BLUE,Master,29,21,3,8,0,1,3,1,0,3,1,0,1,0,5936,63
EUW1_7707938673,1669,2026-01-30 01:03:55.000,16.2.741.3171,BLUE,Diamond,30,33,5,2,0,0,2,2,0,3,0,1,1,0,108,169
EUW1_7707938895,1884,2026-01-30 01:06:47.000,16.2.741.3171,RED,Master,28,39,8,2,2,0,0,4,2,1,1,0,0,1,11705,84
EUW1_7707938916,1859,2026-01-30 01:06:41.000,16.2.741.3171,RED,Master,20,37,6,1,0,0,0,4,3,0,0,1,0,2,12880,59
EUW1_7707938934,1943,2026-01-30 01:07:32.000,16.2.741.3171,RED,Master,30,37,8,3,2,0,1,3,3,0,1,0,0,1,9850,143
EUW1_7707939205,1282,2026-01-30 01:11:00.000,16.2.741.3171,RED,Master,7,19,7,0,0,0,0,3,1,2,0,1,0,0,8677,82
EUW1_7707939268,1931,2026-01-30 01:12:23.000,16.2.741.3171,BLUE,Diamond,34,37,8,5,1,0,2,2,0,3,0,1,2,0,5466,131
EUW1_7707939401,1407,2026-01-30 01:13:12.000,16.2.741.3171,BLUE,Master,22,9,1,4,0,0,1,0,1,2,1,0,0,0,7285,207
EUW1_7707939538,1771,2026-01-30 01:01:46.000,16.2.741.3171,BLUE,Challenger,33,18,1,10,0,2,3,1,1,2,1,0,1,0,13532,0
EUW1_7707940083,1191,2026-01-30 01:09:26.000,16.2.741.3171,RED,Diamond,14,28,11,0,3,0,0,2,0,3,0,1,0,0,12151,0
EUW1_7707940238,1654,2026-01-30 01:12:12.000,16.2.741.3171,BLUE,Diamond,26,11,3,4,0,0,4,0,3,0,0,1,1,0,5019,154
EUW1_7707940239,1695,2026-01-30 01:11:29.000,16.2.741.3171,BLUE,Master,25,20,2,6,0,1,3,0,3,0,1,0,0,0,7561,195
EUW1_7707940407,1054,2026-01-30 01:14:21.000,16.2.741.3171,RED,Grandmaster,9,14,2,0,0,0,0,2,1,2,0,0,0,0,4940,154
EUW1_7707940615,1609,2026-01-30 01:04:33.000,16.2.741.3171,RED,Diamond,6,14,7,1,0,0,0,3,0,3,0,1,0,1,10434,109
EUW1_7707940648,1515,2026-01-30 01:04:36.000,16.2.741.3171,RED,Diamond,24,43,5,3,0,0,1,3,3,0,1,0,0,1,8645,15
EUW1_7707940960,1810,2026-01-30 01:08:44.000,16.2.741.3171,RED,Master,29,37,9,3,3,0,2,3,0,3,0,1,0,1,5369,10
EUW1_7707941090,2362,2026-01-30 01:11:05.000,16.2.741.3171,RED,Challenger,32,41,10,5,1,1,1,4,2,0,1,0,0,2,1751,0
EUW1_7707941335,911,2026-01-30 01:14:10.000,16.2.741.3171,RED,Diamond,2,15,2,0,0,0,0,2,0,3,0,0,0,0,9146,11
EUW1_7707941413,2359,2026-01-30 01:15:50.000,16.2.741.3171,BLUE,Diamond,36,30,10,7,1,1,3,2,0,3,1,0,2,1,3485,0
EUW1_7707941447,1286,2026-01-30 01:16:25.000,16.2.741.3171,RED,Master,19,17,7,1,0,0,1,1,2,1,0,1,0,0,9469,86
EUW1_7707941483,1658,2026-01-30 01:03:00.000,16.2.741.3171,RED,Master,20,32,7,1,1,0,0,3,2,1,0,1,0,1,6672,158
EUW1_7707941591,1784,2026-01-30 01:03:57.000,16.2.741.3171,RED,Master,17,32,10,3,2,0,1,4,3,0,1,0,0,2,9488,0
EUW1_7707942872,1607,2026-01-30 01:11:49.000,16.2.741.3171,BLUE,Diamond,38,26,3,5,0,0,3,0,3,0,0,0,1,0,6091,107
EUW1_7707943867,1885,2026-01-30 01:12:01.000,16.2.741.3171,RED,Master,10,30,9,2,3,0,2,2,3,0,0,1,0,1,7237,85
EUW1_7707944082,1966,2026-01-30 01:15:13.000,16.2.741.3171,RED,Master,34,47,10,4,5,0,1,3,2,1,0,1,0,2,5059,166
EUW1_7707944140,2326,2026-01-30 01:15:29.000,16.2.741.3171,BLUE,Master,30,30,8,4,1,0,3,3,1,2,0,1,1,1,3765,226
EUW1_7707944577,1093,2026-01-30 01:10:55.000,16.2.741.3171,BLUE,Master,24,5,0,3,0,0,2,0,3,0,0,0,0,0,12978,193
EUW1_7707944903,1929,2026-01-30 01:14:26.000,16.2.741.3171,RED,Emerald,34,47,9,2,1,0,0,4,0,3,1,0,0,1,6385,129
EUW1_7707945066,1924,2026-01-30 01:17:11.000,16.2.741.3171,RED,Master,28,38,7,4,0,0,2,2,1,2,0,1,0,2,6357,124
EUW1_7707945153,926,2026-01-30 01:18:59.000,16.2.741.3171,BLUE,Master,30,9,0,5,0,0,2,0,3,0,0,0,0,0,13636,26
EUW1_7707945388,1974,2026-01-30 01:22:40.000,16.2.741.3171,RED,Silver,30,33,8,3,0,0,2,2,3,0,1,0,0,1,8337,174
EUW1_7707945423,1970,2026-01-30 01:23:03.000,16.2.741.3171,RED,Master,19,29,7,2,1,0,0,5,2,1,1,0,0,1,5652,170
EUW1_7707945835,2027,2026-01-30 01:15:21.000,16.2.741.3171,RED,Emerald,42,34,6,5,0,0,3,2,3,0,1,0,1,0,6132,227
EUW1_7707946145,1512,2026-01-30 01:20:37.000,16.2.741.3171,RED,Diamond,17,35,6,2,1,0,0,3,3,0,0,1,0,1,12000,12
EUW1_7707946478,1540,2026-01-30 01:12:12.000,16.2.741.3171,RED,Master,15,31,7,3,1,0,0,4,2,1,1,0,0,1,11552,40
EUW1_7707946542,1136,2026-01-30 01:12:50.000,16.2.741.3171,RED,Master,14,19,1,0,0,0,0,1,3,0,0,0,0,0,4605,236
EUW1_7707946742,1351,2026-01-30 01:15:48.000,16.2.741.3171,RED,Diamond,7,24,7,0,2,0,0,2,0,3,0,1,0,0,13430,151
EUW1_7707947019,1770,2026-01-30 01:20:15.000,16.2.741.3171,RED,Master,30,43,10,2,1,0,1,3,1,2,0,1,0,1,11683,0
EUW1_7707947086,1953,2026-01-30 01:21:02.000,16.2.741.3171,BLUE,Diamond,27,16,4,8,0,0,2,2,0,3,1,0,1,0,7649,153
EUW1_7707947723,1696,2026-01-30 01:17:07.000,16.2.741.3171,RED,Master,20,31,5,3,0,0,0,3,3,0,0,0,0,0,9704,196
EUW1_7707947804,1688,2026-01-30 01:18:19.000,16.2.741.3171,RED,Master,16,32,5,2,0,0,0,3,2,1,0,0,0,0,7752,188
EUW1_7707947975,1567,2026-01-30 01:21:10.000,16.2.741.3171,RED,Master,15,30,7,3,1,0,3,0,2,1,1,0,0,1,9325,67
EUW1_7707949202,1408,2026-01-30 01:25:52.000,16.2.741.3171,RED,Master,18,23,4,2,0,0,1,2,1,2,0,0,0,0,3860,208
EUW1_7707949493,935,2026-01-30 01:15:46.000,16.2.741.3171,RED,Master,7,18,3,0,0,0,0,2,0,3,0,0,0,0,6548,35
EUW1_7707949496,1977,2026-01-30 01:15:38.000,16.2.741.3171,BLUE,Master,24,32,4,5,0,0,2,3,0,3,0,1,1,0,502,177
EUW1_7707949523,1829,2026-01-30 01:16:00.000,16.2.741.3171,BLUE,Diamond,27,19,2,7,0,2,4,0,3,0,0,0,2,0,9800,29
EUW1_7707949639,1703,2026-01-30 01:17:25.000,16.2.741.3171,RED,Master,19,38,4,3,0,0,0,4,3,0,0,1,0,0,5555,203
EUW1_7707949810,1979,2026-01-30 01:20:11.000,16.2.741.3171,BLUE,Master,44,22,4,6,0,0,1,4,0,3,0,1,0,1,8137,179
EUW1_7707950964,1960,2026-01-30 01:23:41.000,16.2.741.3171,BLUE,Master,35,39,7,3,1,0,0,4,0,3,1,0,0,0,-3635,160
EUW1_7707951213,1287,2026-01-30 01:28:30.000,16.2.741.3171,BLUE,Master,26,19,2,3,0,0,3,0,3,0,1,0,0,0,4671,87
EUW1_7707951410,1890,2026-01-30 01:31:42.000,16.2.741.3171,BLUE,Master,32,12,2,8,0,2,4,0,0,3,1,0,1,0,9785,90
EUW1_7707952454,1628,2026-01-30 01:33:10.000,16.2.741.3171,RED,Master,18,27,7,2,2,0,0,4,0,3,0,1,0,1,7321,128
EUW1_7707952456,1799,2026-01-30 01:20:23.000,16.2.741.3171,RED,Diamond,38,45,9,6,2,0,1,3,1,2,1,0,1,1,8697,0
EUW1_7707952568,1758,2026-01-30 01:22:20.000,16.2.741.3171,RED,Master,16,35,11,1,3,0,0,4,3,0,0,1,0,1,15646,0
EUW1_7707952698,1939,2026-01-30 01:24:38.000,16.2.741.3171,BLUE,Master,31,26,3,5,0,0,3,1,1,2,1,0,1,0,4096,139
EUW1_7707952792,1423,2026-01-30 01:25:32.000,16.2.741.3171,RED,Master,18,20,3,1,0,0,0,3,0,3,0,1,0,0,2739,223
EUW1_7707952902,1233,2026-01-30 01:27:35.000,16.2.741.3171,BLUE,Master,32,9,3,7,0,1,2,0,2,1,1,0,0,0,8673,33
EUW1_7707953779,1198,2026-01-30 01:25:52.000,16.2.741.3171,RED,Diamond,10,24,5,2,0,0,1,2,3,0,0,1,0,0,9273,0
EUW1_7707954396,1948,2026-01-30 01:35:19.000,16.2.741.3171,RED,Challenger,15,32,6,3,1,0,1,4,0,3,1,0,0,1,5176,148
EUW1_7707954604,1673,2026-01-30 01:25:36.000,16.2.741.3171,BLUE,Grandmaster,38,31,2,9,0,2,4,0,0,3,1,0,1,0,9913,173
EUW1_7707955079,2095,2026-01-30 01:34:20.000,16.2.741.3171,RED,Master,28,35,7,7,1,0,2,3,3,0,1,0,1,0,5150,0
EUW1_7707955170,1677,2026-01-30 01:36:30.000,16.2.741.3171,BLUE,Master,31,27,4,3,0,0,3,1,3,0,0,1,0,0,-879,177
EUW1_7707955253,1628,2026-01-30 01:37:41.000,16.2.741.3171,RED,Challenger,44,20,6,8,1,2,3,1,0,3,1,0,0,1,-6139,128
EUW1_7707955256,910,2026-01-30 01:37:46.000,16.2.741.3171,RED,Master,8,19,2,0,0,0,0,2,0,3,0,0,0,0,6255,10
EUW1_7707955724,1653,2026-01-30 01:30:10.000,16.2.741.3171,BLUE,Grandmaster,24,15,3,4,0,0,1,2,3,0,1,0,1,0,4732,153
EUW1_7707955837,1530,2026-01-30 01:32:28.000,16.2.741.3171,BLUE,Master,39,28,2,8,0,1,1,3,0,3,1,0,1,0,11736,30
EUW1_7707955865,2422,2026-01-30 01:33:03.000,16.2.741.3171,BLUE,Diamond,45,49,10,9,2,1,2,4,0,3,0,0,2,1,4399,22
EUW1_7707956021,1441,2026-01-30 01:35:49.000,16.2.741.3171,BLUE,Diamond,45,14,1,11,0,3,2,1,0,3,1,0,1,0,19182,0
EUW1_7707956353,1974,2026-01-30 01:42:18.000,16.2.741.3171,RED,Master,35,24,4,6,0,0,4,1,3,0,1,0,1,0,-2416,174
EUW1_7707956953,1494,2026-01-30 01:36:40.000,16.2.741.3171,RED,Master,17,32,9,1,2,0,0,2,3,0,1,0,0,1,12860,0
EUW1_7707957017,1455,2026-01-30 01:38:03.000,16.2.741.3171,RED,Diamond,13,30,9,3,2,0,2,1,0,3,1,0,0,1,13340,0
EUW1_7707957081,1219,2026-01-30 01:39:05.000,16.2.741.3171,RED,Master,12,38,8,1,2,0,0,2,3,0,0,1,0,0,15251,19
EUW1_7707957453,1920,2026-01-30 01:46:32.000,16.2.741.3171,RED,Master,33,33,10,5,2,0,1,4,0,3,1,0,0,1,3000,120
EUW1_7707957491,1463,2026-01-30 01:29:43.000,16.2.741.3171,BLUE,Master,44,22,1,6,0,1,1,3,3,0,0,0,1,0,10324,0
EUW1_7707958380,1873,2026-01-30 01:45:48.000,16.2.741.3171,RED,Master,26,27,5,7,1,1,2,2,0,3,0,0,0,2,6466,73
EUW1_7707958671,2055,2026-01-30 01:33:53.000,16.2.741.3171,BLUE,Diamond,52,37,6,7,0,1,3,2,0,3,0,1,2,0,11058,0
EUW1_7707958769,1342,2026-01-30 01:35:57.000,16.2.741.3171,BLUE,Master,26,19,1,6,0,0,0,1,1,2,1,0,0,0,6503,142
EUW1_7707958857,1612,2026-01-30 01:36:40.000,16.2.741.3171,BLUE,Challenger,31,20,3,6,0,0,4,0,2,1,1,0,1,0,9003,112
EUW1_7707959074,2441,2026-01-30 01:41:12.000,16.2.741.3171,BLUE,Master,38,50,9,7,1,0,2,4,3,0,1,0,1,1,-1246,41
EUW1_7707959093,1560,2026-01-30 01:41:23.000,16.2.741.3171,RED,Diamond,15,47,6,4,0,0,0,3,3,0,1,0,0,1,9995,60
EUW1_7707959138,1794,2026-01-30 01:42:32.000,16.2.741.3171,BLUE,Master,41,23,2,11,0,3,4,0,3,0,0,1,2,0,11831,0
EUW1_7707959206,1890,2026-01-30 01:43:26.000,16.2.741.3171,BLUE,Diamond,25,14,3,8,0,0,2,2,3,0,1,0,1,0,11338,90
EUW1_7707959246,2465,2026-01-30 01:45:00.000,16.2.741.3171,BLUE,Master,42,32,5,7,0,0,5,1,3,0,1,0,1,2,-4638,65
EUW1_7707959393,2346,2026-01-30 01:47:33.000,16.2.741.3171,BLUE,Master,36,44,8,7,2,1,2,3,0,3,0,0,1,1,4285,0
EUW1_7707959573,1390,2026-01-30 01:33:25.000,16.2.741.3171,RED,Master,14,18,6,1,1,0,0,3,0,3,0,1,0,0,6189,190
EUW1_7707959674,1626,2026-01-30 01:35:16.000,16.2.741.3171,RED,Grandmaster,28,50,8,3,1,0,0,4,2,1,0,1,0,1,12182,126
EUW1_7707959806,1561,2026-01-30 01:37:06.000,16.2.741.3171,RED,Master,11,25,8,2,1,0,0,3,3,0,0,1,0,1,10993,61
EUW1_7707959861,1983,2026-01-30 01:38:05.000,16.2.741.3171,BLUE,Silver,25,22,1,7,0,0,3,1,3,0,1,0,1,0,2352,183
EUW1_7707960207,1890,2026-01-30 01:45:06.000,16.2.741.3171,RED,Master,23,29,7,3,1,0,0,4,3,0,0,1,0,2,3109,90
EUW1_7707960434,1653,2026-01-30 01:49:42.000,16.2.741.3171,RED,Master,25,32,6,5,1,0,1,3,3,0,0,1,0,0,2781,153
EUW1_7707960693,1974,2026-01-30 01:36:58.000,16.2.741.3171,RED,Master,32,41,6,3,1,0,2,3,0,3,1,0,0,1,3138,174
EUW1_7707961865,1109,2026-01-30 01:40:14.000,16.2.741.3171,RED,Master,12,21,4,0,0,0,1,1,1,2,0,0,0,0,5308,209
EUW1_7707962637,1531,2026-01-30 01:39:50.000,16.2.741.3171,BLUE,Emerald,49,28,2,11,0,3,2,1,3,0,0,1,1,0,10896,31
EUW1_7707962859,2049,2026-01-30 01:43:50.000,16.2.741.3171,RED,Diamond,48,56,10,7,3,1,1,4,1,2,1,0,1,1,548,0
EUW1_7707962967,1587,2026-01-30 01:46:14.000,16.2.741.3171,BLUE,Master,20,25,2,4,0,0,1,3,3,0,0,0,0,1,2983,87
EUW1_7707963211,1809,2026-01-30 01:50:19.000,16.2.741.3171,BLUE,Master,32,23,3,11,0,3,3,2,3,0,1,0,2,0,3997,9
EUW1_7707963334,2047,2026-01-30 01:53:42.000,16.2.741.3171,RED,Master,28,39,10,3,3,0,0,5,3,0,0,1,0,2,10676,0
EUW1_7707963343,2068,2026-01-30 01:53:56.000,16.2.741.3171,BLUE,Master,47,25,3,8,0,2,4,1,3,0,0,1,0,0,9609,0
EUW1_7707963779,1745,2026-01-30 01:44:20.000,16.2.741.3171,BLUE,Emerald,38,29,3,10,0,1,4,1,3,0,1,0,1,0,11675,0
EUW1_7707964023,1897,2026-01-30 01:49:29.000,16.2.741.3171,RED,Diamond,31,33,7,4,1,0,2,2,3,0,1,0,0,1,5701,97
EUW1_7707964353,1511,2026-01-30 01:56:57.000,16.2.741.3171,RED,Master,28,35,9,3,2,0,2,1,3,0,1,0,0,1,7487,11
EUW1_7707964852,1318,2026-01-30 01:49:51.000,16.2.741.3171,BLUE,Master,19,13,1,4,0,0,3,0,2,1,1,0,0,0,4322,118
EUW1_7707965062,1789,2026-01-30 01:54:24.000,16.2.741.3171,BLUE,Master,38,32,2,11,0,3,4,1,0,3,0,1,2,0,7108,0
EUW1_7707965066,2385,2026-01-30 01:55:00.000,16.2.741.3171,RED,Master,48,43,13,7,4,0,4,2,0,3,0,0,0,2,-1810,0
EUW1_7707965768,1669,2026-01-30 01:50:33.000,16.2.741.3171,BLUE,Diamond,24,29,4,6,0,0,2,1,3,0,1,0,1,0,4097,169
EUW1_7707965798,2583,2026-01-30 01:51:37.000,16.2.741.3171,RED,Master,59,38,8,8,2,2,2,2,0,3,1,0,2,0,-1489,183
EUW1_7707965827,1264,2026-01-30 01:52:41.000,16.2.741.3171,BLUE,Diamond,35,9,0,4,0,0,2,0,2,1,1,0,0,0,11276,64
EUW1_7707966250,1827,2026-01-30 02:01:35.000,16.2.741.3171,BLUE,Master,24,28,6,5,1,0,2,2,0,3,0,1,2,0,2559,27
EUW1_7707966537,1539,2026-01-30 01:48:17.000,16.2.741.3171,BLUE,Master,46,25,1,9,0,3,2,0,3,0,0,0,1,0,11693,39
EUW1_7707966879,1737,2026-01-30 01:55:42.000,16.2.741.3171,RED,Master,32,28,2,6,0,0,2,0,1,2,1,0,0,1,-3031,237
EUW1_7707967880,932,2026-01-30 01:56:49.000,16.2.741.3171,BLUE,Master,24,14,0,1,0,0,2,0,2,1,0,0,0,0,4256,32
EUW1_7707968016,1430,2026-01-30 01:59:35.000,16.2.741.3171,RED,Master,11,25,4,0,0,0,0,3,3,0,0,1,0,0,11406,230
EUW1_7707968078,1445,2026-01-30 02:01:44.000,16.2.741.3171,BLUE,Master,37,15,1,11,0,3,3,0,3,0,1,0,1,0,13125,0
EUW1_7707968449,2231,2026-01-30 02:10:40.000,16.2.741.3171,RED,Emerald,31,43,6,5,1,0,3,3,3,0,1,0,0,2,8051,131
EUW1_7707968542,1733,2026-01-30 01:50:58.000,16.2.741.3171,RED,Master,23,30,4,3,0,0,1,3,3,0,0,1,0,1,3839,233
EUW1_7707968689,1627,2026-01-30 01:53:35.000,16.2.741.3171,BLUE,Diamond,30,25,4,5,0,0,2,1,2,1,1,0,1,0,3985,127
EUW1_7707968840,1391,2026-01-30 01:57:38.000,16.2.741.3171,RED,Grandmaster,12,20,5,1,0,0,2,1,3,0,0,1,0,0,10651,191
EUW1_7707968980,1852,2026-01-30 02:00:43.000,16.2.741.3171,BLUE,Master,23,33,6,4,0,0,1,4,2,1,0,1,0,1,-165,52
EUW1_7707969045,2972,2026-01-30 02:02:25.000,16.2.741.3171,RED,Master,53,50,11,9,2,1,4,4,3,0,1,0,1,2,229,0
EUW1_7707969202,1304,2026-01-30 02:07:02.000,16.2.741.3171,BLUE,Grandmaster,32,11,2,5,0,0,3,0,1,2,1,0,0,0,11822,104
EUW1_7707969226,911,2026-01-30 02:07:12.000,16.2.741.3171,RED,Master,7,21,5,0,0,0,0,2,0,3,0,0,0,0,11112,11
EUW1_7707970390,1416,2026-01-30 02:12:23.000,16.2.741.3171,BLUE,Grandmaster,20,16,2,3,0,0,0,3,3,0,1,0,0,0,3968,216
EUW1_7707970422,1458,2026-01-30 02:13:05.000,16.2.741.3171,RED,Master,8,44,10,0,1,0,0,3,2,1,0,1,0,1,19467,0
EUW1_7707970547,1779,2026-01-30 01:53:45.000,16.2.741.3171,BLUE,Diamond,41,29,8,7,2,1,1,3,0,3,0,1,1,0,5114,0
EUW1_7707970728,1399,2026-01-30 01:57:18.000,16.2.741.3171,RED,Master,9,13,1,1,0,0,1,2,3,0,0,0,0,0,4388,199
EUW1_7707970938,1770,2026-01-30 02:02:21.000,16.2.741.3171,BLUE,Master,41,21,5,10,0,2,4,1,0,3,1,0,1,0,8511,0
EUW1_7707971021,2094,2026-01-30 02:04:39.000,16.2.741.3171,BLUE,Master,49,51,5,7,0,1,3,3,0,3,1,0,2,0,4944,0
EUW1_7707971193,2072,2026-01-30 02:08:27.000,16.2.741.3171,BLUE,Master,43,31,5,10,0,2,2,2,3,0,0,0,1,1,9890,0
EUW1_7707971255,1552,2026-01-30 02:10:58.000,16.2.741.3171,BLUE,Master,25,20,3,6,0,0,2,2,1,2,1,0,1,0,5699,52
EUW1_7707971399,1428,2026-01-30 02:13:58.000,16.2.741.3171,BLUE,Master,25,17,1,5,0,0,1,1,3,0,1,0,0,0,6793,228
EUW1_7707971637,1830,2026-01-30 01:57:29.000,16.2.741.3171,BLUE,Master,46,38,5,10,0,2,3,1,3,0,1,0,2,0,5181,30
EUW1_7707971936,926,2026-01-30 02:05:17.000,16.2.741.3171,RED,Master,6,17,3,0,0,0,0,1,3,0,0,0,0,0,11127,26
EUW1_7707971945,1417,2026-01-30 02:04:56.000,16.2.741.3171,BLUE,Master,28,22,1,6,0,0,0,2,3,0,0,0,0,0,6165,217
EUW1_7707972238,2448,2026-01-30 02:12:22.000,16.2.741.3171,RED,Master,44,64,9,5,1,0,3,4,3,0,0,0,1,2,11298,48
EUW1_7707972477,2297,2026-01-30 01:57:11.000,16.2.741.3171,RED,Grandmaster,31,43,8,7,1,1,2,4,3,0,0,1,0,2,642,197
EUW1_7707972725,1912,2026-01-30 02:03:17.000,16.2.741.3171,BLUE,Master,46,32,6,5,0,1,4,1,2,1,0,1,1,0,4235,112
EUW1_7707973098,910,2026-01-30 02:12:38.000,16.2.741.3171,RED,Master,8,27,3,0,0,0,0,2,0,3,0,0,0,0,9731,10
EUW1_7707973500,1668,2026-01-30 02:00:10.000,16.2.741.3171,BLUE,Master,28,15,0,6,0,0,3,1,3,0,1,0,0,0,9977,168
EUW1_7707973616,1695,2026-01-30 02:02:43.000,16.2.741.3171,RED,Master,14,25,7,2,0,0,2,2,2,1,0,1,0,1,7128,195
EUW1_7707974194,1452,2026-01-30 02:18:06.000,16.2.741.3171,BLUE,Master,28,13,0,11,0,2,2,1,3,0,1,0,1,0,14742,0
EUW1_7707974488,1754,2026-01-30 02:05:09.000,16.2.741.3171,BLUE,Diamond,43,11,2,10,0,2,3,0,0,3,0,0,1,0,16037,0
EUW1_7707975206,913,2026-01-30 02:24:40.000,16.2.741.3171,BLUE,Diamond,33,11,0,1,0,0,2,0,1,2,0,0,0,0,8632,13
EUW1_7707975288,1435,2026-01-30 02:27:33.000,16.2.741.3171,BLUE,Master,24,15,0,6,0,1,3,0,3,0,1,0,0,0,7025,235
EUW1_7707975472,1447,2026-01-30 02:06:53.000,16.2.741.3171,RED,Grandmaster,13,37,10,2,2,0,2,1,3,0,0,1,0,1,16720,0
EUW1_7707975569,1520,2026-01-30 02:09:28.000,16.2.741.3171,BLUE,Diamond,42,23,2,7,0,1,3,0,3,0,1,0,1,0,13050,20
EUW1_7707976089,2442,2026-01-30 02:23:05.000,16.2.741.3171,RED,Master,31,35,7,5,1,0,4,2,3,0,0,0,1,2,4309,42
EUW1_7707976126,1926,2026-01-30 02:24:33.000,16.2.741.3171,RED,Master,21,31,5,3,0,0,0,4,0,3,0,1,0,1,5647,126
EUW1_7707976143,1788,2026-01-30 02:25:02.000,16.2.741.3171,RED,Grandmaster,42,45,10,5,2,0,3,2,3,0,1,0,0,2,9557,0
EUW1_7707976232,1648,2026-01-30 02:27:17.000,16.2.741.3171,RED,Diamond,15,18,8,1,1,0,0,3,1,2,0,1,0,1,7674,148
EUW1_7707976267,1795,2026-01-30 02:28:28.000,16.2.741.3171,RED,Master,32,44,11,3,1,0,1,2,3,0,0,0,0,1,18609,0
EUW1_7707976554,1454,2026-01-30 02:12:47.000,16.2.741.3171,RED,Diamond,19,32,5,3,0,0,2,1,0,3,1,0,0,1,5418,0
EUW1_7707976763,2539,2026-01-30 02:19:07.000,16.2.741.3171,RED,Master,40,42,7,6,1,1,2,5,3,0,1,0,1,1,909,139
EUW1_7707976921,1833,2026-01-30 02:23:21.000,16.2.741.3171,RED,Master,45,48,9,7,2,1,2,3,0,3,1,0,0,2,4936,33
EUW1_7707977314,1375,2026-01-30 02:35:05.000,16.2.741.3171,BLUE,Master,18,10,0,4,0,0,2,0,3,0,1,0,0,0,8768,175
EUW1_7707977574,1832,2026-01-30 02:14:34.000,16.2.741.3171,BLUE,Diamond,47,40,5,5,0,0,4,1,2,0,0,0,2,0,771,32
EUW1_7707977667,1942,2026-01-30 02:16:47.000,16.2.741.3171,RED,Master,27,34,7,5,0,0,3,1,0,3,0,0,0,1,2998,142
EUW1_7707977794,1536,2026-01-30 02:19:50.000,16.2.741.3171,BLUE,Challenger,34,16,2,6,0,0,2,1,2,1,0,1,1,0,11533,36
EUW1_7707977986,2302,2026-01-30 02:25:28.000,16.2.741.3171,RED,Master,36,32,5,7,1,1,3,2,0,3,0,1,2,0,969,202
EUW1_7707978212,1868,2026-01-30 02:31:35.000,16.2.741.3171,RED,Master,38,23,4,6,0,1,4,0,3,0,1,0,1,0,-6376,68
EUW1_7707978376,1773,2026-01-30 02:36:57.000,16.2.741.3171,BLUE,Master,34,15,3,7,0,0,4,0,1,2,1,0,1,0,9142,0
EUW1_7707978562,1468,2026-01-30 02:15:46.000,16.2.741.3171,RED,Master,9,23,11,0,3,0,1,2,0,3,0,1,0,1,15555,0
EUW1_7707978619,1851,2026-01-30 02:17:37.000,16.2.741.3171,BLUE,Master,38,29,2,6,0,0,2,2,3,0,1,0,2,0,2985,51
EUW1_7707978706,1934,2026-01-30 02:19:45.000,16.2.741.3171,BLUE,Master,35,21,4,7,0,0,2,3,0,3,1,0,1,0,9188,134
EUW1_7707979040,1664,2026-01-30 02:29:43.000,16.2.741.3171,BLUE,Master,28,18,3,5,0,0,4,0,3,0,1,0,0,0,6420,164
EUW1_7707979267,2016,2026-01-30 02:35:59.000,16.2.741.3171,RED,Master,30,29,6,5,0,0,2,3,3,0,0,1,0,1,4847,216
EUW1_7707979365,1811,2026-01-30 02:39:35.000,16.2.741.3171,BLUE,Master,26,19,5,10,0,1,2,2,0,3,1,0,2,0,5428,11
EUW1_7707979493,1970,2026-01-30 02:15:26.000,16.2.741.3171,RED,Emerald,19,34,7,5,2,0,0,4,1,2,1,0,0,1,8659,170
EUW1_7707980080,1231,2026-01-30 02:33:24.000,16.2.741.3171,BLUE,Master,28,24,1,6,0,1,1,2,3,0,1,0,0,0,7399,31
EUW1_7707980226,2206,2026-01-30 02:37:21.000,16.2.741.3171,BLUE,Grandmaster,33,31,5,6,0,0,1,4,3,0,0,0,2,0,2787,106
EUW1_7707980787,2081,2026-01-30 02:23:29.000,16.2.741.3171,BLUE,Diamond,31,32,3,11,0,3,3,2,3,0,1,0,1,1,4076,0
EUW1_7707980840,1565,2026-01-30 02:25:45.000,16.2.741.3171,BLUE,Diamond,26,9,1,6,0,0,1,2,3,0,1,0,0,0,8666,65
EUW1_7707981120,924,2026-01-30 02:34:40.000,16.2.741.3171,RED,Emerald,7,23,3,0,0,0,1,1,2,1,0,0,0,0,9989,24
EUW1_7707981325,1956,2026-01-30 02:40:54.000,16.2.741.3171,RED,Diamond,31,40,4,5,0,0,2,2,0,3,1,0,0,1,2226,156
EUW1_7707981456,1340,2026-01-30 02:18:36.000,16.2.741.3171,BLUE,Master,27,17,1,5,0,0,1,1,3,0,0,0,0,0,7393,140
EUW1_7707981565,1218,2026-01-30 02:21:15.000,16.2.741.3171,BLUE,Grandmaster,16,7,1,5,0,0,2,1,3,0,1,0,0,0,8973,18
EUW1_7707982142,1837,2026-01-30 02:38:04.000,16.2.741.3171,RED,Master,23,35,5,8,1,0,2,3,0,3,1,0,0,1,6,37
EUW1_7707982176,1504,2026-01-30 02:39:03.000,16.2.741.3171,RED,Master,21,39,11,0,2,0,1,1,0,3,0,1,0,1,11287,4
EUW1_7707982293,2107,2026-01-30 02:42:00.000,16.2.741.3171,RED,Master,60,57,9,6,3,0,3,2,0,3,1,0,0,1,3501,7
EUW1_7707982431,2189,2026-01-30 02:46:51.000,16.2.741.3171,BLUE,Master,27,19,4,5,0,0,4,2,3,0,0,1,1,0,5446,89
EUW1_7707982636,1664,2026-01-30 02:26:59.000,16.2.741.3171,BLUE,Master,32,17,2,5,0,0,2,2,3,0,1,0,1,0,4770,164
EUW1_7707982755,1793,2026-01-30 02:30:48.000,16.2.741.3171,BLUE,Master,45,23,2,9,0,1,4,1,0,3,0,0,1,0,15254,0
EUW1_7707982878,1826,2026-01-30 02:34:49.000,16.2.741.3171,BLUE,Master,28,35,5,7,0,0,2,2,3,0,0,1,0,1,5718,26
EUW1_7707983170,1979,2026-01-30 02:43:45.000,16.2.741.3171,BLUE,Master,17,22,3,8,0,2,1,3,3,0,0,1,1,0,6136,179
EUW1_7707983296,2504,2026-01-30 02:47:30.000,16.2.741.3171,RED,Master,43,31,6,7,1,0,3,3,0,3,1,0,1,2,-7787,104
EUW1_7707983700,1188,2026-01-30 02:32:29.000,16.2.741.3171,RED,Master,11,22,4,1,0,0,0,2,3,0,0,1,0,0,7269,0
EUW1_7707983999,1734,2026-01-30 02:41:26.000,16.2.741.3171,BLUE,Grandmaster,38,20,2,5,0,0,3,0,3,0,1,0,1,0,6149,234
EUW1_7707984014,2005,2026-01-30 02:42:22.000,16.2.741.3171,BLUE,Emerald,31,43,7,5,0,0,2,3,1,2,0,1,0,1,-4610,205
EUW1_7707984097,1345,2026-01-30 02:44:35.000,16.2.741.3171,BLUE,Master,14,8,2,3,0,0,2,1,3,0,1,0,0,0,3810,145
EUW1_7707984783,2038,2026-01-30 02:41:09.000,16.2.741.3171,RED,Diamond,36,39,4,5,0,0,1,2,0,3,0,1,1,0,-400,238
EUW1_7707985043,1824,2026-01-30 02:49:09.000,16.2.741.3171,RED,Emerald,15,47,8,2,1,0,0,4,3,0,0,0,0,1,11610,24
EUW1_7707985474,1845,2026-01-30 02:34:18.000,16.2.741.3171,BLUE,Master,37,42,6,4,0,0,0,4,0,3,0,1,2,0,4243,45
EUW1_7707985575,1936,2026-01-30 02:37:38.000,16.2.741.3171,BLUE,Master,35,30,3,5,0,1,1,3,1,2,0,0,1,0,5213,136
EUW1_7707985902,1316,2026-01-30 02:47:48.000,16.2.741.3171,BLUE,Master,21,15,1,4,0,0,3,0,3,0,1,0,0,0,3131,116
EUW1_7707986769,1628,2026-01-30 02:48:02.000,16.2.741.3171,RED,Master,12,25,6,1,0,0,0,4,3,0,0,1,0,1,14790,128
EUW1_7707986819,1621,2026-01-30 02:50:05.000,16.2.741.3171,RED,Diamond,33,30,5,4,0,0,1,2,0,3,1,0,0,1,2201,121
EUW1_7707987084,2050,2026-01-30 02:58:21.000,16.2.741.3171,RED,Master,32,46,12,2,3,0,1,4,1,2,0,1,0,2,12766,0
EUW1_7707987150,1585,2026-01-30 03:00:39.000,16.2.741.3171,RED,Diamond,16,29,7,1,1,0,0,4,1,2,0,1,0,0,10599,85
EUW1_7707987236,1505,2026-01-30 03:03:35.000,16.2.741.3171,BLUE,Diamond,38,20,2,11,0,3,4,0,3,0,1,0,1,0,11515,5
EUW1_7707987443,2684,2026-01-30 03:09:55.000,16.2.741.3171,RED,Grandmaster,48,49,8,7,1,1,4,3,3,0,0,1,2,1,3071,0
EUW1_7707987633,1935,2026-01-30 02:44:21.000,16.2.741.3171,RED,Master,38,28,2,7,0,1,3,2,3,0,0,1,1,1,-4206,135
EUW1_7707988146,1555,2026-01-30 03:01:59.000,16.2.741.3171,RED,Diamond,16,36,7,0,1,0,0,4,3,0,1,0,0,1,11986,55
EUW1_7707988985,1806,2026-01-30 02:58:25.000,16.2.741.3171,RED,Master,29,38,9,5,1,0,0,4,0,3,0,0,0,1,5403,6
EUW1_7707989916,1916,2026-01-30 02:58:47.000,16.2.741.3171,BLUE,Master,30,25,5,4,0,0,2,3,3,0,1,0,1,1,2757,116
EUW1_7707990030,1355,2026-01-30 03:02:19.000,16.2.741.3171,BLUE,Master,21,20,2,5,0,0,1,2,3,0,1,0,0,0,4080,155
EUW1_7707990187,1203,2026-01-30 03:07:35.000,16.2.741.3171,BLUE,Master,27,5,1,10,0,2,1,0,3,0,1,0,0,0,17182,3
EUW1_7707990330,2150,2026-01-30 03:11:48.000,16.2.741.3171,BLUE,Master,30,36,4,7,0,0,2,3,2,1,1,0,1,1,3921,50
EUW1_7707990725,1389,2026-01-30 02:53:05.000,16.2.741.3171,RED,Master,17,22,6,0,0,0,1,2,0,3,0,1,0,0,4607,189
EUW1_7707990833,1660,2026-01-30 02:57:17.000,16.2.741.3171,BLUE,Diamond,27,18,2,7,0,0,4,0,0,3,1,0,1,0,9039,160
EUW1_7707991558,1571,2026-01-30 02:50:04.000,16.2.741.3171,RED,Master,22,42,6,2,0,0,1,3,0,3,0,1,1,0,9394,71
EUW1_7707992489,1620,2026-01-30 02:53:51.000,16.2.741.3171,BLUE,Diamond,34,28,3,8,0,2,3,1,0,3,1,0,1,0,4600,120
EUW1_7707992585,1668,2026-01-30 02:57:09.000,16.2.741.3171,RED,Master,20,26,6,3,0,0,0,4,0,3,0,1,0,0,6930,168
EUW1_7707993174,1313,2026-01-30 03:17:03.000,16.2.741.3171,RED,Master,8,16,5,1,0,0,0,2,1,2,0,1,0,0,7302,113
EUW1_7707993290,1144,2026-01-30 03:20:59.000,16.2.741.3171,BLUE,Master,25,9,0,3,0,0,1,1,2,1,1,0,0,0,10985,0
EUW1_7707993580,2351,2026-01-30 02:59:35.000,16.2.741.3171,BLUE,Master,54,46,7,11,0,3,3,3,3,0,0,1,2,1,5558,0
EUW1_7707993681,1478,2026-01-30 03:02:36.000,16.2.741.3171,BLUE,Master,36,10,1,9,0,2,4,0,3,0,1,0,1,0,15725,0
EUW1_7707994070,1698,2026-01-30 03:15:07.000,16.2.741.3171,RED,Master,24,18,5,5,0,1,1,2,3,0,0,1,0,1,-1284,198
EUW1_7707994087,2017,2026-01-30 03:15:48.000,16.2.741.3171,BLUE,Silver,29,30,3,6,0,0,1,3,3,0,1,0,1,0,6292,217
EUW1_7707994685,1555,2026-01-30 03:11:04.000,16.2.741.3171,BLUE,Master,37,16,3,9,0,1,2,1,2,1,1,0,1,0,10880,55
EUW1_7707994882,1543,2026-01-30 03:17:30.000,16.2.741.3171,BLUE,Master,30,18,0,5,0,0,2,2,3,0,1,0,1,0,10422,43
EUW1_7707995040,1625,2026-01-30 03:22:50.000,16.2.741.3171,BLUE,Diamond,34,25,4,6,0,1,2,1,1,2,1,0,1,0,4433,125
EUW1_7707995135,2466,2026-01-30 03:25:49.000,16.2.741.3171,RED,Master,34,47,10,3,3,0,1,5,3,0,1,0,1,2,4464,66
EUW1_7707995581,1823,2026-01-30 03:09:38.000,16.2.741.3171,BLUE,Master,45,27,4,8,0,2,3,2,0,3,1,0,2,0,7378,23
EUW1_7707995626,1789,2026-01-30 03:11:35.000,16.2.741.3171,BLUE,Master,46,23,4,11,0,3,4,0,1,2,0,1,0,1,9838,0
EUW1_7707996078,1443,2026-01-30 03:27:34.000,16.2.741.3171,BLUE,Master,32,13,2,10,0,1,2,2,3,0,1,0,1,0,11745,0
EUW1_7707996129,1463,2026-01-30 03:29:16.000,16.2.741.3171,RED,Master,7,29,10,2,2,0,0,3,3,0,0,1,0,1,15921,0
EUW1_7707996216,2562,2026-01-30 03:32:38.000,16.2.741.3171,RED,Master,44,48,8,6,2,1,4,3,3,0,0,1,0,3,1996,162
EUW1_7707996262,1336,2026-01-30 03:34:03.000,16.2.741.3171,BLUE,Diamond,20,9,0,4,0,0,3,0,3,0,1,0,0,0,7972,136
EUW1_7707996854,2121,2026-01-30 03:23:48.000,16.2.741.3171,BLUE,Master,36,25,3,10,0,2,2,3,3,0,1,0,2,0,8222,21
EUW1_7707997187,1553,2026-01-30 03:36:38.000,16.2.741.3171,BLUE,Master,27,32,3,4,0,0,2,1,3,0,0,0,1,0,3406,53
EUW1_7707997517,1915,2026-01-30 03:13:35.000,16.2.741.3171,BLUE,Master,35,39,7,4,1,0,1,3,2,1,1,0,1,0,1783,115
EUW1_7707997655,1780,2026-01-30 03:18:09.000,16.2.741.3171,RED,Emerald,37,48,11,3,3,0,1,3,0,3,1,0,0,2,6892,0
EUW1_7707997695,1293,2026-01-30 03:19:24.000,16.2.741.3171,BLUE,Master,29,13,1,5,0,0,3,0,1,2,1,0,0,0,10005,93
EUW1_7707997829,1667,2026-01-30 03:23:46.000,16.2.741.3171,BLUE,Platinum,29,15,4,7,0,1,3,0,1,2,1,0,1,0,2433,167
EUW1_7707998251,1862,2026-01-30 03:39:59.000,16.2.741.3171,RED,Master,41,23,3,6,0,0,4,0,0,3,1,0,0,1,-2062,62
EUW1_7707998368,1731,2026-01-30 03:44:27.000,16.2.741.3171,RED,Master,28,34,4,4,0,0,0,3,3,0,0,1,0,1,6534,231
EUW1_7707998482,2432,2026-01-30 03:14:57.000,16.2.741.3171,RED,Master,25,38,7,9,1,2,2,4,3,0,0,1,1,2,4133,32
EUW1_7707998491,1944,2026-01-30 03:15:04.000,16.2.741.3171,BLUE,Master,29,25,4,5,0,0,4,0,0,3,0,0,0,1,-2887,144
EUW1_7707999058,1652,2026-01-30 03:35:11.000,16.2.741.3171,BLUE,Diamond,41,16,3,7,0,1,4,0,1,2,1,0,0,0,10637,152
EUW1_7707999246,2380,2026-01-30 03:42:45.000,16.2.741.3171,BLUE,Master,42,34,6,11,0,3,3,3,1,2,1,0,2,1,6186,0
EUW1_7707999364,1614,2026-01-30 03:47:32.000,16.2.741.3171,BLUE,Master,25,21,3,4,0,0,2,2,0,3,1,0,1,0,6026,114
EUW1_7707999639,1321,2026-01-30 03:21:44.000,16.2.741.3171,BLUE,Master,31,14,0,8,0,1,2,0,0,3,1,0,0,0,13086,121
EUW1_7707999889,1982,2026-01-30 03:32:16.000,16.2.741.3171,BLUE,Diamond,45,36,2,7,0,0,3,1,3,0,1,0,1,0,3907,182
EUW1_7707999937,926,2026-01-30 03:34:16.000,16.2.741.3171,RED,Master,9,15,2,1,0,0,0,1,3,0,0,0,0,0,1590,26
EUW1_7708000724,1648,2026-01-30 03:27:47.000,16.2.741.3171,RED,Master,19,33,4,3,0,0,0,3,2,1,0,1,0,1,4315,148
EUW1_7708000966,1487,2026-01-30 03:37:23.000,16.2.741.3171,BLUE,Master,26,10,4,9,0,1,3,0,3,0,1,0,1,0,6706,0
EUW1_7708001161,2347,2026-01-30 03:44:27.000,16.2.741.3171,RED,Grandmaster,31,46,9,7,1,0,3,3,3,0,1,0,3,0,4899,0
EUW1_7708001546,915,2026-01-30 03:23:53.000,16.2.741.3171,BLUE,Diamond,25,8,0,3,0,0,1,0,0,3,0,0,0,0,9928,15
EUW1_7708003076,2004,2026-01-30 03:50:34.000,16.2.741.3171,RED,Master,29,33,6,4,0,0,1,3,3,0,1,0,1,1,8359,204
EUW1_7708003586,2111,2026-01-30 03:34:32.000,16.2.741.3171,BLUE,Master,48,32,4,10,0,1,3,2,0,3,1,0,1,2,4485,11
EUW1_7708004188,1807,2026-01-30 03:59:11.000,16.2.741.3171,RED,Master,34,35,9,4,1,0,0,3,3,0,1,0,1,1,7194,7
EUW1_7708004540,1932,2026-01-30 03:40:53.000,16.2.741.3171,BLUE,Emerald,28,34,5,5,0,0,0,4,1,2,1,0,1,0,-1328,132
EUW1_7708004811,2038,2026-01-30 03:51:44.000,16.2.741.3171,RED,Master,37,26,6,4,0,0,3,1,1,2,1,0,0,1,-2680,238
EUW1_7708004990,2135,2026-01-30 04:00:24.000,16.2.741.3171,BLUE,Master,39,23,3,8,0,0,4,1,0,3,1,0,2,0,11450,35
EUW1_7708005090,1776,2026-01-30 04:05:23.000,16.2.741.3171,RED,Diamond,17,25,11,2,2,0,0,4,0,3,0,1,0,2,11846,0
EUW1_7708006029,1403,2026-01-30 04:08:33.000,16.2.741.3171,BLUE,Master,30,13,0,5,0,0,3,0,3,0,1,0,0,0,10369,203
EUW1_7708006304,1367,2026-01-30 04:21:41.000,16.2.741.3171,RED,Master,19,16,4,1,0,0,0,3,1,2,0,0,0,0,803,167
EUW1_7708006443,1463,2026-01-30 04:30:30.000,16.2.741.3171,RED,Diamond,20,34,9,1,1,0,2,2,0,3,0,1,0,1,10084,0
EUW1_7708006542,914,2026-01-30 03:49:59.000,16.2.741.3171,RED,Master,11,25,2,0,0,0,0,1,0,3,0,0,0,0,7321,14
EUW1_7708006867,1691,2026-01-30 04:04:05.000,16.2.741.3171,RED,Master,13,26,6,2,0,0,1,3,3,0,0,1,0,1,8196,191
EUW1_7708006886,911,2026-01-30 04:04:47.000,16.2.741.3171,BLUE,Diamond,15,1,0,3,0,0,2,0,3,0,0,0,0,0,10396,11
EUW1_7708007002,1608,2026-01-30 04:10:51.000,16.2.741.3171,RED,Master,19,25,5,3,0,0,3,1,3,0,0,1,0,1,2817,108
EUW1_7708007049,2304,2026-01-30 04:12:16.000,16.2.741.3171,RED,Silver,51,41,5,9,0,2,0,4,2,1,1,0,2,0,2807,204
EUW1_7708007124,1555,2026-01-30 04:16:34.000,16.2.741.3171,RED,Master,27,31,8,4,1,0,1,3,0,3,1,0,0,1,10334,55
EUW1_7708007203,1910,2026-01-30 04:21:07.000,16.2.741.3171,BLUE,Master,34,30,6,5,1,0,4,0,0,3,1,0,1,0,-255,110
EUW1_7708007494,1707,2026-01-30 03:49:42.000,16.2.741.3171,RED,Master,22,34,8,2,2,0,1,2,3,0,0,1,0,1,9048,207
EUW1_7708007586,1804,2026-01-30 03:52:58.000,16.2.741.3171,BLUE,Master,44,22,6,8,1,3,2,3,0,3,1,0,1,0,8802,4
EUW1_7708007633,932,2026-01-30 03:54:29.000,16.2.741.3171,RED,Master,5,16,3,0,0,0,1,0,0,3,0,0,0,0,7939,32
EUW1_7708007998,1277,2026-01-30 04:12:07.000,16.2.741.3171,RED,Diamond,26,27,2,2,0,0,0,1,3,0,1,0,0,0,1057,77
EUW1_7708008412,1157,2026-01-30 04:34:46.000,16.2.741.3171,RED,Master,15,28,5,2,0,0,0,3,1,2,0,1,0,0,7119,0
EUW1_7708008474,1997,2026-01-30 03:52:41.000,16.2.741.3171,RED,Master,23,33,5,4,0,0,0,4,0,3,1,0,0,1,781,197
EUW1_7708008529,1866,2026-01-30 03:55:44.000,16.2.741.3171,RED,Diamond,37,39,5,5,0,0,2,3,0,3,1,0,0,1,2679,66
EUW1_7708008971,1688,2026-01-30 04:16:33.000,16.2.741.3171,RED,Diamond,16,34,6,3,0,0,0,4,3,0,1,0,0,1,7146,188
EUW1_7708009238,1273,2026-01-30 04:30:02.000,16.2.741.3171,RED,Master,6,16,8,0,1,0,0,2,0,3,0,1,0,0,11251,73
EUW1_7708009425,2022,2026-01-30 04:40:57.000,16.2.741.3171,RED,Diamond,12,18,8,3,1,0,0,4,1,2,1,0,0,1,4001,222
EUW1_7708009847,2076,2026-01-30 04:16:25.000,16.2.741.3171,BLUE,Diamond,43,38,6,7,0,1,1,4,3,0,0,1,1,1,6350,0
EUW1_7708010211,1816,2026-01-30 04:35:51.000,16.2.741.3171,BLUE,Master,36,16,4,7,0,1,2,2,3,0,0,1,1,0,4818,16
EUW1_7708010308,1336,2026-01-30 04:40:23.000,16.2.741.3171,BLUE,Master,24,17,0,4,0,0,1,1,3,0,1,0,0,0,5962,136
EUW1_7708010514,1871,2026-01-30 03:59:30.000,16.2.741.3171,BLUE,Master,38,36,1,13,0,5,2,0,2,1,0,0,2,0,5545,71
EUW1_7708011043,1519,2026-01-30 04:25:51.000,16.2.741.3171,BLUE,Challenger,29,12,3,8,0,2,4,0,3,0,1,0,1,0,10882,19
EUW1_7708011539,944,2026-01-30 04:05:13.000,16.2.741.3171,BLUE,Master,21,7,0,1,0,0,1,1,0,3,0,0,0,0,5791,44
EUW1_7708011713,1798,2026-01-30 04:13:27.000,16.2.741.3171,BLUE,Master,48,32,3,12,0,4,2,2,1,2,1,0,1,0,11252,0
EUW1_7708011813,1846,2026-01-30 04:18:05.000,16.2.741.3171,BLUE,Grandmaster,40,28,2,8,0,1,3,1,3,0,1,0,1,0,5534,46
EUW1_7708011836,1336,2026-01-30 04:19:06.000,16.2.741.3171,RED,Master,9,23,6,0,0,0,0,3,0,3,0,1,0,0,12733,136
EUW1_7708011941,1597,2026-01-30 04:25:03.000,16.2.741.3171,RED,Master,21,37,8,3,1,0,0,3,3,0,0,1,0,0,9606,97
EUW1_7708012386,1473,2026-01-30 04:49:48.000,16.2.741.3171,BLUE,Master,37,20,2,10,0,2,2,1,0,3,1,0,1,0,8809,0
EUW1_7708012587,1508,2026-01-30 04:14:08.000,16.2.741.3171,BLUE,Master,27,24,1,9,0,1,1,3,3,0,0,0,0,0,11023,8
EUW1_7708013921,1816,2026-01-30 04:38:10.000,16.2.741.3171,BLUE,Diamond,32,25,6,6,0,1,3,1,0,3,0,1,0,1,-833,16
EUW1_7708014137,1469,2026-01-30 04:49:56.000,16.2.741.3171,RED,Master,23,22,9,5,1,0,2,1,0,3,0,1,0,1,5008,0
EUW1_7708014299,1904,2026-01-30 04:57:53.000,16.2.741.3171,RED,Master,26,32,8,4,1,0,1,4,3,0,0,1,0,1,1700,104
EUW1_7708014642,1675,2026-01-30 04:31:29.000,16.2.741.3171,RED,Diamond,12,23,6,1,0,0,0,3,3,0,1,0,0,1,10987,175
EUW1_7708014864,1501,2026-01-30 04:42:43.000,16.2.741.3171,BLUE,Master,44,34,3,8,0,1,2,1,2,1,1,0,1,0,6712,1
EUW1_7708015052,1834,2026-01-30 04:53:12.000,16.2.741.3171,RED,Master,27,38,5,5,0,0,3,1,3,0,1,0,0,1,8176,34
EUW1_7708015092,2329,2026-01-30 04:55:26.000,16.2.741.3171,RED,Grandmaster,34,27,6,5,0,0,4,0,0,3,0,1,0,1,1926,229
EUW1_7708015526,1919,2026-01-30 04:26:36.000,16.2.741.3171,BLUE,Diamond,41,38,5,3,0,0,3,1,0,3,0,1,0,1,1921,119
EUW1_7708015658,1756,2026-01-30 04:33:27.000,16.2.741.3171,RED,Master,17,25,8,5,2,0,0,5,3,0,0,1,0,2,7251,0
EUW1_7708015744,926,2026-01-30 04:38:43.000,16.2.741.3171,RED,Master,14,33,5,0,0,0,0,1,0,3,0,0,0,0,10131,26
EUW1_7708016771,1818,2026-01-30 04:48:46.000,16.2.741.3171,BLUE,Master,39,23,1,8,0,1,4,1,0,3,0,0,0,1,8978,18
EUW1_7708016839,2003,2026-01-30 04:52:20.000,16.2.741.3171,RED,Master,28,37,7,4,0,0,1,4,0,3,0,1,1,0,4731,203
EUW1_7708017057,1984,2026-01-30 05:04:55.000,16.2.741.3171,RED,Master,39,31,4,5,0,0,1,3,3,0,0,0,1,0,-3224,184
EUW1_7708017177,1744,2026-01-30 05:12:39.000,16.2.741.3171,RED,Master,9,31,10,4,2,0,1,4,3,0,0,1,0,1,10109,0
EUW1_7708017347,1707,2026-01-30 05:22:30.000,16.2.741.3171,RED,Master,23,28,7,3,0,0,0,3,3,0,0,0,0,1,3188,207
EUW1_7708017691,1737,2026-01-30 04:46:58.000,16.2.741.3171,RED,Master,17,17,3,3,0,0,2,2,3,0,0,1,0,1,671,237
EUW1_7708017841,1592,2026-01-30 04:54:22.000,16.2.741.3171,BLUE,Master,20,27,4,5,0,0,1,1,1,2,1,0,1,0,1041,92
EUW1_7708018044,1771,2026-01-30 05:05:38.000,16.2.741.3171,BLUE,Emerald,43,31,4,10,0,2,2,2,0,3,1,0,1,0,8837,0
EUW1_7708018269,911,2026-01-30 05:19:37.000,16.2.741.3171,BLUE,Master,24,6,0,5,0,0,2,0,0,3,0,0,0,0,13307,11
EUW1_7708018791,1719,2026-01-30 04:56:52.000,16.2.741.3171,RED,Master,39,32,3,4,0,0,2,1,3,0,1,0,1,0,1562,219
EUW1_7708019056,1777,2026-01-30 05:12:12.000,16.2.741.3171,RED,Master,38,32,8,5,1,0,1,3,3,0,0,1,0,1,3628,0
EUW1_7708019170,1641,2026-01-30 05:19:39.000,16.2.741.3171,BLUE,Master,26,24,3,4,0,0,4,0,3,0,1,0,0,0,2215,141
EUW1_7708019538,1835,2026-01-30 04:47:09.000,16.2.741.3171,RED,Diamond,27,38,6,4,1,0,2,2,0,3,1,0,0,1,6876,35
EUW1_7708020642,1579,2026-01-30 04:58:51.000,16.2.741.3171,BLUE,Master,25,19,2,9,0,1,2,1,0,3,1,0,1,0,8150,79
EUW1_7708020682,1686,2026-01-30 05:00:52.000,16.2.741.3171,RED,Master,15,23,5,3,0,0,0,4,0,3,1,0,0,1,5577,186
EUW1_7708020697,1954,2026-01-30 05:02:10.000,16.2.741.3171,RED,Diamond,8,17,8,3,2,0,0,4,0,3,0,1,0,1,6951,154
EUW1_7708020820,1496,2026-01-30 05:09:31.000,16.2.741.3171,BLUE,Master,39,25,2,7,0,1,4,0,1,2,1,0,1,0,15746,0
EUW1_7708020906,1617,2026-01-30 05:14:03.000,16.2.741.3171,BLUE,Master,36,16,2,7,0,2,2,1,1,2,1,0,1,0,10054,117
EUW1_7708021128,1833,2026-01-30 05:27:21.000,16.2.741.3171,BLUE,Silver,39,13,2,8,0,2,4,0,0,3,0,1,0,0,13051,33
EUW1_7708021163,1536,2026-01-30 05:30:11.000,16.2.741.3171,RED,Master,15,35,7,2,2,0,0,4,3,0,0,1,0,1,10283,36
EUW1_7708022032,1528,2026-01-30 05:20:48.000,16.2.741.3171,BLUE,Master,37,15,0,9,0,1,2,1,3,0,1,0,1,0,16425,28
EUW1_7708022310,1593,2026-01-30 05:37:25.000,16.2.741.3171,RED,Master,12,32,4,3,0,0,0,3,3,0,0,1,0,1,5191,93
EUW1_7708022503,1927,2026-01-30 04:55:56.000,16.2.741.3171,RED,Master,35,33,7,4,1,0,3,2,3,0,1,0,0,1,2666,127
EUW1_7708022568,1658,2026-01-30 05:00:18.000,16.2.741.3171,RED,Diamond,27,44,7,4,1,0,0,3,3,0,0,0,0,1,10145,158
EUW1_7708022995,2074,2026-01-30 05:24:39.000,16.2.741.3171,BLUE,Master,35,29,6,8,0,2,3,2,0,3,1,0,2,0,3489,0
EUW1_7708023061,994,2026-01-30 05:28:51.000,16.2.741.3171,BLUE,Master,18,5,0,2,0,0,0,1,3,0,0,0,0,0,4635,94
EUW1_7708023084,2330,2026-01-30 05:30:46.000,16.2.741.3171,RED,Diamond,25,55,7,4,1,0,1,4,0,3,0,1,0,2,8812,230
EUW1_7708023255,2135,2026-01-30 05:40:28.000,16.2.741.3171,BLUE,Master,31,23,7,4,0,0,2,3,3,0,1,0,1,1,3549,35
EUW1_7708024683,1991,2026-01-30 05:16:25.000,16.2.741.3171,RED,Master,40,26,5,9,0,2,4,0,0,3,0,1,0,1,-487,191
EUW1_7708024978,1539,2026-01-30 05:33:43.000,16.2.741.3171,RED,Master,19,33,6,3,0,0,1,2,2,1,0,1,0,1,5279,39
EUW1_7708025169,2112,2026-01-30 05:44:31.000,16.2.741.3171,RED,Diamond,54,46,7,8,1,0,2,3,3,0,1,0,1,1,2591,12
EUW1_7708025268,2095,2026-01-30 05:50:02.000,16.2.741.3171,RED,Diamond,38,47,10,6,2,0,2,3,3,0,0,1,1,1,2915,0
EUW1_7708025582,1839,2026-01-30 05:14:33.000,16.2.741.3171,RED,Master,25,32,9,3,2,0,0,5,1,2,0,1,0,2,7193,39
EUW1_7708025822,1276,2026-01-30 05:28:33.000,16.2.741.3171,BLUE,Master,28,9,0,6,0,0,2,1,3,0,1,0,0,0,14416,76
EUW1_7708025940,1695,2026-01-30 05:35:35.000,16.2.741.3171,RED,Master,17,36,8,2,1,0,0,4,1,2,0,1,0,1,7936,195
EUW1_7708026129,1664,2026-01-30 05:46:47.000,16.2.741.3171,RED,Master,14,18,7,2,0,0,0,3,3,0,0,1,0,1,7307,164
EUW1_7708026384,1439,2026-01-30 06:03:06.000,16.2.741.3171,RED,Master,10,30,5,0,0,0,0,2,3,0,0,1,0,0,9617,239
EUW1_7708026418,1132,2026-01-30 06:04:32.000,16.2.741.3171,BLUE,Master,17,9,0,3,0,0,2,0,2,1,0,0,0,0,8372,232
EUW1_7708026872,1711,2026-01-30 05:53:51.000,16.2.741.3171,RED,Master,12,21,5,3,0,0,0,4,0,3,0,1,0,1,3749,211
EUW1_7708027344,1648,2026-01-30 06:21:12.000,16.2.741.3171,RED,Master,31,23,4,7,0,0,2,1,3,0,1,0,1,0,-4073,148
EUW1_7708028674,1357,2026-01-30 05:49:31.000,16.2.741.3171,RED,Master,14,30,5,1,0,0,1,1,0,3,0,0,0,0,8647,157
EUW1_7708029332,1194,2026-01-30 06:26:56.000,16.2.741.3171,BLUE,Master,23,14,3,1,0,0,2,0,3,0,0,0,0,0,-1457,0
EUW1_7708029374,1757,2026-01-30 06:29:30.000,16.2.741.3171,RED,Master,23,47,12,3,3,0,1,3,3,0,1,0,0,2,10321,0
EUW1_7708029563,1545,2026-01-30 05:48:43.000,16.2.741.3171,RED,Master,13,22,6,4,1,0,1,2,3,0,0,1,0,1,7015,45
EUW1_7708029878,1639,2026-01-30 06:07:25.000,16.2.741.3171,RED,Master,21,36,7,1,1,0,1,3,0,3,0,1,0,0,13356,139
EUW1_7708030210,1417,2026-01-30 06:25:34.000,16.2.741.3171,RED,Master,17,26,5,1,0,0,0,3,1,2,0,1,0,0,6540,217
EUW1_7708030878,1824,2026-01-30 06:12:25.000,16.2.741.3171,RED,Master,16,31,6,4,0,0,0,3,3,0,1,0,0,1,13203,24
EUW1_7708031028,2203,2026-01-30 06:21:22.000,16.2.741.3171,RED,Diamond,32,28,7,6,1,0,1,3,3,0,1,0,1,1,1566,103
EUW1_7708031158,1460,2026-01-30 06:28:23.000,16.2.741.3171,RED,Master,15,38,10,0,2,0,0,3,3,0,0,1,0,1,12295,0
EUW1_7708031183,1612,2026-01-30 06:30:13.000,16.2.741.3171,BLUE,Diamond,25,14,3,3,0,0,2,2,3,0,0,0,0,0,5927,112
EUW1_7708032190,2087,2026-01-30 06:30:55.000,16.2.741.3171,BLUE,Master,64,47,5,7,0,1,3,2,2,1,1,0,1,1,1594,0
EUW1_7708033172,1406,2026-01-30 06:34:52.000,16.2.741.3171,BLUE,Master,22,27,3,6,0,0,2,0,3,0,1,0,0,0,530,206
EUW1_7708033466,2213,2026-01-30 05:58:12.000,16.2.741.3171,BLUE,Master,31,39,8,4,1,0,0,5,3,0,0,1,2,0,-3429,113
EUW1_7708034193,1746,2026-01-30 06:37:39.000,16.2.741.3171,RED,Master,25,43,8,5,1,0,1,3,3,0,0,1,0,1,5939,0
EUW1_7708034235,920,2026-01-30 06:40:06.000,16.2.741.3171,BLUE,Challenger,12,5,0,3,0,0,1,1,3,0,0,0,0,0,5718,20
EUW1_7708034343,1908,2026-01-30 06:45:29.000,16.2.741.3171,BLUE,Gold,31,34,3,8,0,4,2,1,3,0,1,0,0,0,-82,108
EUW1_7708034465,1506,2026-01-30 06:02:48.000,16.2.741.3171,RED,Master,16,35,11,3,1,0,0,4,3,0,0,1,0,1,14535,6
EUW1_7708034770,1884,2026-01-30 06:21:11.000,16.2.741.3171,BLUE,Diamond,33,30,3,8,0,1,4,0,3,0,1,0,1,0,2671,84
EUW1_7708035223,924,2026-01-30 06:45:26.000,16.2.741.3171,RED,Diamond,6,25,1,1,0,0,0,2,3,0,0,0,0,0,7325,24
EUW1_7708035392,2385,2026-01-30 06:53:22.000,16.2.741.3171,BLUE,Challenger,38,55,5,10,0,3,4,2,3,0,1,0,1,1,1757,0
EUW1_7708036557,1819,2026-01-30 06:32:26.000,16.2.741.3171,RED,Grandmaster,17,34,6,3,1,0,0,5,0,3,0,1,0,1,7728,19
EUW1_7708037142,2312,2026-01-30 07:02:17.000,16.2.741.3171,RED,Diamond,42,25,4,7,0,0,2,2,3,0,0,1,2,0,-3477,212
EUW1_7708037972,1398,2026-01-30 06:55:23.000,16.2.741.3171,RED,Master,19,20,4,1,0,0,0,3,0,3,0,1,0,0,4246,198
EUW1_7708038044,1876,2026-01-30 06:58:27.000,16.2.741.3171,BLUE,Diamond,28,34,4,4,0,0,3,1,0,3,0,1,1,0,-1704,76
EUW1_7708038378,2032,2026-01-30 07:12:57.000,16.2.741.3171,RED,Master,42,40,6,4,0,0,3,1,3,0,1,0,0,1,5500,232
EUW1_7708038837,1914,2026-01-30 06:51:34.000,16.2.741.3171,RED,Master,18,27,8,2,1,0,1,3,0,3,1,0,0,0,11024,114
EUW1_7708039151,1675,2026-01-30 07:05:37.000,16.2.741.3171,RED,Grandmaster,14,18,7,2,1,0,1,2,3,0,0,1,0,1,8824,175
EUW1_7708039309,1375,2026-01-30 07:11:30.000,16.2.741.3171,BLUE,Diamond,33,11,0,6,0,0,3,0,3,0,1,0,0,0,12104,175
EUW1_7708039704,1013,2026-01-30 06:51:01.000,16.2.741.3171,RED,Challenger,9,19,3,0,0,0,0,2,3,0,0,0,0,0,8786,113
EUW1_7708040293,915,2026-01-30 07:17:07.000,16.2.741.3171,BLUE,Master,25,6,0,6,0,0,2,0,3,0,0,0,0,0,14800,15
EUW1_7708040573,1894,2026-01-30 06:49:27.000,16.2.741.3171,BLUE,Master,37,25,2,7,0,0,3,1,3,0,1,0,2,0,6816,94
EUW1_7708040879,1582,2026-01-30 07:02:54.000,16.2.741.3171,BLUE,Master,27,19,3,7,0,1,3,1,3,0,0,0,0,1,6612,82
EUW1_7708040954,1994,2026-01-30 07:05:14.000,16.2.741.3171,RED,Diamond,33,51,9,2,1,0,0,4,0,3,0,1,1,0,7393,194
EUW1_7708040994,1839,2026-01-30 07:07:08.000,16.2.741.3171,RED,Master,31,28,5,3,0,0,2,1,2,1,0,1,1,0,2445,39
EUW1_7708041822,1535,2026-01-30 07:01:30.000,16.2.741.3171,BLUE,Master,38,15,2,6,0,0,3,0,3,0,1,0,1,0,9272,35
EUW1_7708041837,1322,2026-01-30 07:03:00.000,16.2.741.3171,RED,Master,9,27,7,1,0,0,0,3,0,3,0,1,0,0,14099,122
EUW1_7708043643,1699,2026-01-30 07:00:11.000,16.2.741.3171,RED,Master,14,19,4,2,0,0,0,3,3,0,1,0,0,1,5774,199
EUW1_7708046357,1709,2026-01-30 07:34:47.000,16.2.741.3171,RED,Diamond,21,24,7,1,0,0,1,2,0,3,0,0,0,1,8101,209
EUW1_7708047025,1543,2026-01-30 07:22:37.000,16.2.741.3171,BLUE,Master,24,22,0,9,0,3,3,0,0,3,1,0,0,1,9750,43
EUW1_7708047299,1569,2026-01-30 07:32:45.000,16.2.741.3171,BLUE,Master,26,9,2,7,0,0,2,2,3,0,1,0,1,0,13788,69
EUW1_7708047776,1704,2026-01-30 07:17:08.000,16.2.741.3171,RED,Challenger,24,30,6,0,0,0,1,3,0,3,0,0,0,0,5809,204
EUW1_7708048416,1969,2026-01-30 07:40:44.000,16.2.741.3171,BLUE,Grandmaster,32,21,3,6,0,0,3,1,0,3,1,0,1,0,6871,169
EUW1_7708048927,2092,2026-01-30 07:33:55.000,16.2.741.3171,BLUE,Master,33,33,7,6,1,1,5,0,0,3,1,0,1,1,-1201,0
EUW1_7708050053,1305,2026-01-30 07:38:08.000,16.2.741.3171,RED,Master,21,43,8,1,1,0,0,2,0,3,1,0,0,0,13572,105
EUW1_7708051611,1542,2026-01-30 07:30:38.000,16.2.741.3171,RED,Master,5,17,8,2,1,0,0,3,3,0,0,1,0,1,12111,42
EUW1_7708051621,1673,2026-01-30 07:31:16.000,16.2.741.3171,BLUE,Master,28,27,3,6,0,0,3,1,3,0,0,1,0,0,7544,173
EUW1_7708051880,1943,2026-01-30 07:40:09.000,16.2.741.3171,BLUE,Emerald,28,26,3,9,0,3,3,1,0,3,0,1,2,0,9056,143
EUW1_7708052228,1856,2026-01-30 07:52:26.000,16.2.741.3171,RED,Master,25,34,7,3,1,0,0,5,3,0,0,1,0,1,8045,56
EUW1_7708052517,1812,2026-01-30 07:30:15.000,16.2.741.3171,BLUE,Grandmaster,20,19,1,11,0,1,2,2,3,0,1,0,2,0,12455,12
EUW1_7708052877,924,2026-01-30 07:42:25.000,16.2.741.3171,BLUE,Master,24,11,0,4,0,0,1,0,2,1,0,0,0,0,7960,24
EUW1_7708054216,1568,2026-01-30 07:56:06.000,16.2.741.3171,RED,Master,19,28,8,1,1,0,0,4,0,3,0,1,0,1,4101,68
EUW1_7708054684,1588,2026-01-30 07:41:28.000,16.2.741.3171,BLUE,Diamond,31,19,2,8,0,1,4,0,3,0,1,0,1,0,4876,88
EUW1_7708054703,1553,2026-01-30 07:41:58.000,16.2.741.3171,RED,Master,19,21,5,4,0,0,0,4,3,0,0,1,0,1,1105,53
EUW1_7708055988,2354,2026-01-30 07:55:46.000,16.2.741.3171,RED,Diamond,44,38,10,9,1,2,2,4,3,0,1,0,1,2,4333,0
EUW1_7708056246,1474,2026-01-30 08:03:46.000,16.2.741.3171,RED,Master,21,36,9,5,1,0,1,2,3,0,0,1,0,1,11859,0
EUW1_7708056283,1396,2026-01-30 08:04:11.000,16.2.741.3171,BLUE,Diamond,20,10,2,5,0,0,2,1,3,0,1,0,0,0,5395,196
EUW1_7708056843,1407,2026-01-30 07:50:50.000,16.2.741.3171,RED,Challenger,18,33,6,1,0,0,0,3,1,2,1,0,0,0,11708,207
EUW1_7708058996,1711,2026-01-30 08:08:38.000,16.2.741.3171,BLUE,Master,23,12,2,7,0,2,3,0,3,0,1,0,1,0,6211,211
EUW1_7708059766,911,2026-01-30 08:02:03.000,16.2.741.3171,RED,Master,7,25,3,0,0,0,0,2,3,0,0,0,0,0,9576,11
EUW1_7708059863,2427,2026-01-30 08:04:46.000,16.2.741.3171,BLUE,Master,57,62,7,8,1,2,2,2,2,1,1,0,2,1,1104,27
EUW1_7708060003,1133,2026-01-30 08:08:42.000,16.2.741.3171,BLUE,Emerald,14,6,1,2,0,0,1,0,3,0,0,0,0,0,5112,233
EUW1_7708061818,2001,2026-01-30 08:09:08.000,16.2.741.3171,BLUE,Master,32,22,4,8,0,1,3,0,3,0,1,0,1,0,1545,201
EUW1_7708062245,1412,2026-01-30 08:20:31.000,16.2.741.3171,RED,Master,8,24,5,3,0,0,0,3,3,0,1,0,0,0,6915,212
EUW1_7708062978,1638,2026-01-30 08:14:21.000,16.2.741.3171,BLUE,Master,34,18,4,7,0,0,2,2,2,1,1,0,1,0,7189,138
EUW1_7708063510,2631,2026-01-30 08:02:41.000,16.2.741.3171,BLUE,Master,26,31,7,5,1,0,3,4,1,2,0,1,1,1,-4619,231
EUW1_7708063958,2169,2026-01-30 08:16:34.000,16.2.741.3171,BLUE,Diamond,37,26,1,13,0,4,4,1,3,0,1,0,1,0,2824,69
EUW1_7708064056,1449,2026-01-30 08:18:46.000,16.2.741.3171,RED,Master,21,28,11,1,3,0,0,4,3,0,0,1,0,1,12135,0
EUW1_7708064793,1446,2026-01-30 08:11:52.000,16.2.741.3171,RED,Grandmaster,14,23,10,2,2,0,1,3,1,2,0,1,0,1,11601,0
EUW1_7708066076,1893,2026-01-30 08:20:22.000,16.2.741.3171,RED,Master,38,34,4,3,0,0,2,2,2,1,1,0,0,1,1346,93
EUW1_7708066425,1627,2026-01-30 08:29:40.000,16.2.741.3171,BLUE,Challenger,29,19,2,4,0,0,2,2,1,2,0,1,0,0,7187,127
EUW1_7708066517,2361,2026-01-30 08:07:59.000,16.2.741.3171,RED,Emerald,28,32,10,4,2,0,4,2,0,3,1,0,0,2,8235,0
EUW1_7708066725,1354,2026-01-30 08:13:11.000,16.2.741.3171,RED,Master,13,18,4,3,0,0,1,1,3,0,0,1,0,0,4307,154
EUW1_7708068113,1299,2026-01-30 08:26:54.000,16.2.741.3171,RED,Master,17,24,7,0,1,0,1,2,3,0,0,1,0,0,11164,99
EUW1_7708069479,2049,2026-01-30 08:22:53.000,16.2.741.3171,BLUE,Master,39,33,4,10,0,2,3,2,1,2,1,0,2,0,6653,0
EUW1_7708070130,1345,2026-01-30 08:39:39.000,16.2.741.3171,BLUE,Diamond,19,15,0,6,0,0,3,0,3,0,1,0,0,0,7306,145
EUW1_7708070901,1189,2026-01-30 08:37:14.000,16.2.741.3171,RED,Master,6,21,11,1,3,0,0,3,0,3,0,1,0,0,13657,0
EUW1_7708070999,1114,2026-01-30 08:40:05.000,16.2.741.3171,RED,Master,10,14,0,0,0,0,0,1,3,0,0,0,0,0,3909,214
EUW1_7708072330,1801,2026-01-30 08:47:18.000,16.2.741.3171,BLUE,Master,26,13,3,9,0,1,3,2,3,0,1,0,0,1,7331,1
EUW1_7708074691,1708,2026-01-30 08:34:48.000,16.2.741.3171,BLUE,Master,18,21,4,5,0,0,2,2,3,0,1,0,0,1,-174,208
EUW1_7708076226,1491,2026-01-30 08:49:14.000,16.2.741.3171,RED,Master,19,32,10,1,1,0,1,2,3,0,0,1,0,1,10643,0
EUW1_7708076817,1858,2026-01-30 08:42:45.000,16.2.741.3171,BLUE,Diamond,30,32,3,9,0,0,2,3,3,0,1,0,0,1,2276,58
EUW1_7708076980,2163,2026-01-30 08:46:05.000,16.2.741.3171,RED,Master,37,35,7,7,0,0,4,2,0,3,1,0,0,2,2281,63
EUW1_7708077585,1159,2026-01-30 08:39:16.000,16.2.741.3171,BLUE,Diamond,31,5,0,9,0,1,3,0,1,2,1,0,0,0,18193,0
EUW1_7708078254,916,2026-01-30 08:53:43.000,16.2.741.3171,BLUE,Master,21,10,0,2,0,0,1,0,3,0,0,0,0,0,5830,16
EUW1_7708079452,1779,2026-01-30 09:07:09.000,16.2.741.3171,RED,Master,23,37,9,3,2,0,0,4,1,2,1,0,0,2,7026,0
EUW1_7708079476,2129,2026-01-30 08:46:56.000,16.2.741.3171,RED,Master,28,37,11,4,6,0,1,4,2,1,1,0,0,2,5067,29
EUW1_7708079606,1488,2026-01-30 08:50:27.000,16.2.741.3171,BLUE,Master,26,10,3,8,0,1,2,1,3,0,1,0,1,0,10048,0
EUW1_7708079952,911,2026-01-30 08:58:31.000,16.2.741.3171,BLUE,Master,12,1,0,2,0,0,1,0,3,0,0,0,0,0,7552,11
EUW1_7708080094,1793,2026-01-30 09:00:54.000,16.2.741.3171,BLUE,Grandmaster,45,37,3,7,0,1,3,1,0,3,0,1,1,0,7613,0
EUW1_7708084112,2302,2026-01-30 09:04:21.000,16.2.741.3171,BLUE,Master,34,34,7,8,1,2,2,3,0,3,1,0,2,1,-385,202
EUW1_7708084174,1890,2026-01-30 09:05:47.000,16.2.741.3171,RED,Diamond,30,29,9,4,2,0,0,5,3,0,1,0,0,1,2887,90
EUW1_7708085750,2011,2026-01-30 08:59:54.000,16.2.741.3171,BLUE,Master,30,42,4,7,0,0,3,1,0,3,1,0,1,0,1226,211
EUW1_7708087014,1568,2026-01-30 09:07:55.000,16.2.741.3171,RED,Grandmaster,17,21,7,4,1,0,0,4,3,0,1,0,0,1,3504,68
EUW1_7708088632,1150,2026-01-30 09:10:35.000,16.2.741.3171,BLUE,Diamond,34,11,0,7,0,0,2,0,3,0,0,0,0,0,16035,0
EUW1_7708089080,988,2026-01-30 09:19:50.000,16.2.741.3171,BLUE,Diamond,12,6,0,2,0,0,0,1,3,0,0,0,0,0,2456,88
EUW1_7708089139,2005,2026-01-30 09:20:39.000,16.2.741.3171,BLUE,Master,27,30,6,4,0,0,1,3,3,0,1,0,0,1,2893,205
EUW1_7708090940,2452,2026-01-30 09:19:30.000,16.2.741.3171,BLUE,Diamond,29,32,6,6,0,0,3,3,3,0,0,1,1,2,-1013,52
EUW1_7708091643,1591,2026-01-30 09:14:14.000,16.2.741.3171,RED,Master,19,31,5,4,0,0,2,2,3,0,0,1,0,1,5290,91
EUW1_7708092068,2470,2026-01-30 09:21:17.000,16.2.741.3171,RED,Master,37,42,9,7,2,1,2,4,3,0,1,0,1,2,1788,70
EUW1_7708092797,1815,2026-01-30 09:17:22.000,16.2.741.3171,BLUE,Master,43,26,4,7,0,1,2,2,2,1,0,1,1,1,8249,15
EUW1_7708092896,1368,2026-01-30 09:19:55.000,16.2.741.3171,BLUE,Master,29,11,2,3,0,0,3,0,0,3,1,0,0,0,8436,168
EUW1_7708093249,996,2026-01-30 09:26:14.000,16.2.741.3171,RED,Master,8,15,2,1,0,0,0,1,0,3,0,0,0,0,5113,96
EUW1_7708094817,1895,2026-01-30 09:19:53.000,16.2.741.3171,RED,Challenger,26,33,6,3,0,0,3,1,0,3,0,1,0,1,5702,95
EUW1_7708096883,1867,2026-01-30 09:24:47.000,16.2.741.3171,RED,Master,26,31,5,4,1,0,1,3,3,0,1,0,1,0,1067,67
EUW1_7708097907,1832,2026-01-30 09:27:45.000,16.2.741.3171,RED,Challenger,24,35,7,5,1,0,0,4,3,0,1,0,0,1,5847,32
EUW1_7708100833,2104,2026-01-30 09:35:27.000,16.2.741.3171,BLUE,Master,46,35,5,11,0,4,2,4,0,3,1,0,1,1,6307,4
EUW1_7708101899,2212,2026-01-30 09:37:20.000,16.2.741.3171,RED,Master,27,41,11,3,2,0,1,4,3,0,0,1,0,2,12276,112
EUW1_7708102434,1986,2026-01-30 09:46:48.000,16.2.741.3171,RED,Master,26,38,7,3,1,0,0,4,0,3,0,0,0,2,7414,186
EUW1_7708102918,1515,2026-01-30 09:36:58.000,16.2.741.3171,RED,Grandmaster,26,30,6,4,1,1,1,2,3,0,1,0,0,1,4739,15
EUW1_7708104210,1966,2026-01-30 09:42:07.000,16.2.741.3171,BLUE,Diamond,22,19,5,5,0,0,1,3,3,0,1,0,0,1,-1130,166
EUW1_7708105394,1550,2026-01-30 09:46:31.000,16.2.741.3171,RED,Master,19,30,6,3,1,0,0,3,3,0,1,0,0,1,6309,50
EUW1_7708106711,2264,2026-01-30 09:39:07.000,16.2.741.3171,RED,Diamond,50,38,8,7,1,2,0,4,0,3,1,0,2,0,-4864,164
EUW1_7708108692,2026,2026-01-30 09:48:41.000,16.2.741.3171,RED,Master,36,31,6,6,0,0,3,2,0,3,0,1,1,1,-638,226
EUW1_7708109626,1564,2026-01-30 09:47:46.000,16.2.741.3171,RED,Diamond,11,28,10,1,3,0,0,3,1,2,1,0,0,1,14854,64
EUW1_7708109861,1567,2026-01-30 09:51:33.000,16.2.741.3171,BLUE,Diamond,34,19,2,7,0,0,2,1,3,0,1,0,1,0,11405,67
EUW1_7708109950,2502,2026-01-30 09:52:33.000,16.2.741.3171,BLUE,Platinum,47,41,5,11,0,5,4,2,2,1,0,1,2,1,-4775,102
EUW1_7708111521,1383,2026-01-30 09:47:14.000,16.2.741.3171,BLUE,Diamond,23,12,1,3,0,0,1,2,0,3,0,1,0,0,4768,183
EUW1_7708112708,1508,2026-01-30 09:50:57.000,16.2.741.3171,RED,Master,16,25,8,3,1,0,1,2,0,3,1,0,0,1,10582,8
EUW1_7708112885,1734,2026-01-30 09:53:43.000,16.2.741.3171,BLUE,Diamond,24,12,4,4,0,0,4,0,3,0,1,0,1,0,3923,234
EUW1_7708114001,1341,2026-01-30 09:55:34.000,16.2.741.3171,BLUE,Diamond,14,13,0,3,0,0,1,2,3,0,0,1,0,0,3643,141
EUW1_7708115920,1938,2026-01-30 09:57:53.000,16.2.741.3171,BLUE,Master,27,23,6,4,1,0,3,1,0,3,0,1,0,1,28,138
EUW1_7708116066,1629,2026-01-30 09:59:53.000,16.2.741.3171,BLUE,Challenger,36,25,5,6,0,1,1,2,0,3,1,0,1,0,5504,129
EUW1_7708119242,1620,2026-01-30 10:10:19.000,16.2.741.3171,BLUE,Master,21,12,2,5,0,0,2,2,3,0,1,0,0,0,5463,120
EUW1_7708119918,1547,2026-01-30 10:07:46.000,16.2.741.3171,BLUE,Grandmaster,22,12,2,7,0,0,3,0,0,3,0,0,0,0,8599,47
EUW1_7708121766,1659,2026-01-30 10:06:35.000,16.2.741.3171,RED,Diamond,12,27,5,3,0,0,1,2,0,3,1,0,0,1,9261,159
EUW1_7708122085,1578,2026-01-30 10:11:47.000,16.2.741.3171,BLUE,Diamond,29,12,1,7,0,1,3,0,3,0,0,1,1,0,10577,78
EUW1_7708123424,1111,2026-01-30 10:17:34.000,16.2.741.3171,BLUE,Master,19,11,0,1,0,0,1,0,3,0,0,0,0,0,4919,211
EUW1_7708123774,2080,2026-01-30 10:07:21.000,16.2.741.3171,RED,Emerald,25,52,11,3,3,0,1,4,3,0,0,1,0,2,12885,0
EUW1_7708124518,2194,2026-01-30 10:04:51.000,16.2.741.3171,RED,Master,32,23,5,5,0,0,2,3,0,3,1,0,0,2,-438,94
EUW1_7708128606,1754,2026-01-30 10:15:51.000,16.2.741.3171,RED,Diamond,26,41,9,3,1,0,1,4,3,0,0,0,0,1,10194,0
EUW1_7708130216,1992,2026-01-30 10:27:24.000,16.2.741.3171,RED,Diamond,32,33,9,2,1,0,1,3,3,0,0,1,0,1,2034,192
EUW1_7708130948,1459,2026-01-30 10:23:33.000,16.2.741.3171,RED,Emerald,22,35,9,2,1,0,0,4,0,3,0,1,0,1,9779,0
EUW1_7708131151,1231,2026-01-30 10:26:20.000,16.2.741.3171,RED,Master,6,17,6,0,0,0,1,1,0,3,0,1,0,0,8988,31
EUW1_7708131779,1693,2026-01-30 10:22:28.000,16.2.741.3171,BLUE,Diamond,26,24,2,3,0,0,1,2,3,0,1,0,0,0,2209,193
EUW1_7708131800,1978,2026-01-30 10:22:40.000,16.2.741.3171,RED,Diamond,33,33,3,8,0,1,2,2,0,3,1,0,1,0,-6901,178
EUW1_7708131845,1600,2026-01-30 10:23:06.000,16.2.741.3171,RED,Master,17,36,6,2,0,0,0,4,0,3,0,1,0,1,11598,100
EUW1_7708132880,1451,2026-01-30 10:23:39.000,16.2.741.3171,RED,Diamond,15,27,10,2,2,0,0,3,0,3,0,1,0,1,11500,0
EUW1_7708133086,1588,2026-01-30 10:26:22.000,16.2.741.3171,BLUE,Master,33,32,5,4,0,1,1,2,3,0,0,1,0,0,3844,88
EUW1_7708136338,2181,2026-01-30 10:30:30.000,16.2.741.3171,RED,Master,40,54,9,2,2,0,1,4,0,3,0,1,1,0,6708,81
EUW1_7708138644,2491,2026-01-30 10:30:13.000,16.2.741.3171,RED,Master,24,32,7,4,1,0,1,4,2,1,1,0,0,3,3431,91
EUW1_7708138825,2176,2026-01-30 10:33:10.000,16.2.741.3171,BLUE,Diamond,43,47,8,10,1,1,2,2,3,0,0,1,2,0,3033,76
EUW1_7708140322,1639,2026-01-30 10:41:33.000,16.2.741.3171,BLUE,Platinum,27,18,3,3,0,0,1,2,3,0,1,0,1,0,4258,139
EUW1_7708141242,918,2026-01-30 10:41:12.000,16.2.741.3171,BLUE,Master,21,7,0,3,0,0,2,0,1,2,0,0,0,0,7724,18
EUW1_7708143258,1855,2026-01-30 10:42:39.000,16.2.741.3171,RED,Master,37,46,9,2,2,0,0,4,1,2,0,1,0,1,2563,55
EUW1_7708147663,1701,2026-01-30 10:39:29.000,16.2.741.3171,RED,Master,20,19,4,2,0,0,1,1,0,3,1,0,1,0,327,201
EUW1_7708148719,1631,2026-01-30 10:44:56.000,16.2.741.3171,RED,Master,17,24,8,3,0,0,1,2,2,1,0,1,0,1,8821,131
EUW1_7708151029,1900,2026-01-30 10:51:57.000,16.2.741.3171,RED,Master,37,33,3,6,0,0,0,4,3,0,1,0,1,0,-4593,100
EUW1_7708151140,2247,2026-01-30 10:54:00.000,16.2.741.3171,BLUE,Master,38,32,10,5,1,1,3,2,1,2,0,1,1,1,-794,147
EUW1_7708151743,1804,2026-01-30 10:49:27.000,16.2.741.3171,BLUE,Emerald,40,25,3,8,0,2,1,3,0,3,0,1,2,0,11649,4
EUW1_7708152231,2167,2026-01-30 10:56:26.000,16.2.741.3171,RED,Master,37,50,7,6,0,0,3,2,3,0,0,1,1,1,7574,67
EUW1_7708152928,1830,2026-01-30 10:52:11.000,16.2.741.3171,RED,Diamond,25,47,8,4,1,0,1,3,2,1,0,0,0,1,11230,30
EUW1_7708154962,1629,2026-01-30 10:53:48.000,16.2.741.3171,RED,Master,19,23,8,1,1,0,1,2,3,0,1,0,0,1,7717,129
EUW1_7708156078,1833,2026-01-30 10:55:16.000,16.2.741.3171,BLUE,Master,29,29,6,4,0,0,3,1,2,1,0,1,0,1,3274,33
EUW1_7708158651,1631,2026-01-30 10:57:52.000,16.2.741.3171,RED,Diamond,19,27,5,1,0,0,0,4,0,3,0,1,0,0,4396,131
EUW1_7708159229,1801,2026-01-30 11:06:00.000,16.2.741.3171,RED,Diamond,23,54,11,1,3,0,0,4,0,3,1,0,0,1,12118,1
EUW1_7708159782,1605,2026-01-30 11:01:01.000,16.2.741.3171,RED,Master,16,24,5,3,0,0,1,2,0,3,0,1,0,1,3710,105
EUW1_7708160206,1929,2026-01-30 11:06:17.000,16.2.741.3171,BLUE,Emerald,42,31,5,6,0,0,3,1,3,0,1,0,0,1,1895,129
EUW1_7708160231,1449,2026-01-30 11:07:00.000,16.2.741.3171,BLUE,Diamond,27,12,2,9,0,1,3,0,0,3,1,0,0,0,9500,0
EUW1_7708160592,1518,2026-01-30 11:00:33.000,16.2.741.3171,RED,Master,27,45,6,1,1,0,1,3,3,0,0,0,0,1,9260,18
EUW1_7708163364,1580,2026-01-30 11:10:51.000,16.2.741.3171,RED,Master,22,29,6,3,0,0,0,4,0,3,1,0,0,1,6029,80
EUW1_7708164590,1699,2026-01-30 11:01:10.000,16.2.741.3171,RED,Master,22,19,8,2,1,0,1,2,2,1,1,0,0,1,5893,199
EUW1_7708168434,1638,2026-01-30 11:15:28.000,16.2.741.3171,BLUE,Master,23,14,0,5,0,0,2,1,2,1,1,0,0,1,8933,138
EUW1_7708170405,1339,2026-01-30 11:22:23.000,16.2.741.3171,RED,Master,18,25,5,0,0,0,0,3,0,3,0,1,0,0,9132,139
EUW1_7708179619,1498,2026-01-30 11:24:37.000,16.2.741.3171,BLUE,Master,29,25,1,4,0,0,1,2,0,3,0,1,0,0,5931,0
EUW1_7708180318,2381,2026-01-30 11:33:30.000,16.2.741.3171,RED,Diamond,34,46,10,5,2,0,3,3,2,1,1,0,2,1,12751,0
EUW1_7708181846,1617,2026-01-30 11:28:35.000,16.2.741.3171,BLUE,Master,32,26,6,5,0,1,1,3,0,3,0,1,1,0,5142,117
EUW1_7708185471,1418,2026-01-30 11:25:08.000,16.2.741.3171,RED,Diamond,8,25,7,2,1,0,0,3,0,3,0,1,0,0,7647,218
EUW1_7708187666,1138,2026-01-30 11:30:18.000,16.2.741.3171,BLUE,Challenger,17,7,0,2,0,0,2,0,3,0,0,0,0,0,5821,238
EUW1_7708187817,1291,2026-01-30 11:32:40.000,16.2.741.3171,RED,Diamond,14,26,7,0,1,0,0,3,0,3,0,1,0,0,12283,91
EUW1_7708189987,1538,2026-01-30 11:40:59.000,16.2.741.3171,RED,Master,19,30,7,3,1,0,0,3,0,3,1,0,0,1,13457,38
EUW1_7708191232,1375,2026-01-30 11:44:09.000,16.2.741.3171,RED,Grandmaster,12,23,5,1,0,0,1,2,0,3,1,0,0,0,5353,175
EUW1_7708191568,1247,2026-01-30 11:37:06.000,16.2.741.3171,RED,Master,13,23,6,1,0,0,0,3,0,3,0,1,0,0,5196,47
EUW1_7708194700,1695,2026-01-30 11:39:22.000,16.2.741.3171,RED,Diamond,32,29,4,4,0,0,0,3,3,0,1,0,0,0,-1898,195
EUW1_7708198954,1718,2026-01-30 11:50:22.000,16.2.741.3171,RED,Master,22,24,2,5,0,1,0,4,1,2,0,1,0,0,415,218
EUW1_7708199225,1956,2026-01-30 11:52:37.000,16.2.741.3171,BLUE,Diamond,46,41,9,6,2,0,2,3,3,0,0,1,2,0,-274,156
EUW1_7708204112,1350,2026-01-30 11:55:56.000,16.2.741.3171,BLUE,Challenger,33,21,0,6,0,0,1,0,3,0,1,0,0,0,8292,150
EUW1_7708205068,1667,2026-01-30 11:55:28.000,16.2.741.3171,RED,Diamond,18,19,5,4,0,0,0,2,2,1,0,1,1,0,975,167
EUW1_7708206777,1356,2026-01-30 11:54:27.000,16.2.741.3171,RED,Master,14,21,4,1,0,0,1,1,0,3,0,1,0,0,3478,156
EUW1_7708208485,1945,2026-01-30 11:53:49.000,16.2.741.3171,RED,Platinum,29,23,7,5,1,0,3,1,2,1,1,0,1,0,-720,145
EUW1_7708210665,1679,2026-01-30 11:59:21.000,16.2.741.3171,RED,Diamond,27,25,6,4,1,0,1,3,3,0,1,0,0,1,824,179
EUW1_7708216507,1468,2026-01-30 12:00:50.000,16.2.741.3171,RED,Master,20,31,11,1,3,0,0,3,3,0,1,0,0,1,12210,0
EUW1_7708223091,1918,2026-01-30 12:16:44.000,16.2.741.3171,RED,Diamond,22,31,6,4,1,0,2,3,3,0,0,1,0,1,4494,118
EUW1_7708223287,1769,2026-01-30 12:18:56.000,16.2.741.3171,BLUE,Diamond,30,19,3,9,0,1,4,0,0,3,1,0,1,0,9757,0
EUW1_7708224647,1439,2026-01-30 12:13:07.000,16.2.741.3171,RED,Master,19,25,5,3,0,0,0,2,0,3,0,1,0,0,1541,239
EUW1_7708228233,1507,2026-01-30 12:21:10.000,16.2.741.3171,RED,Master,12,42,10,2,2,0,0,3,0,3,1,0,0,1,16451,7
EUW1_7708230501,1367,2026-01-30 12:19:34.000,16.2.741.3171,BLUE,Master,19,13,1,5,0,0,2,0,2,1,0,0,0,0,7542,167
EUW1_7708236780,2206,2026-01-30 12:26:13.000,16.2.741.3171,RED,Diamond,30,33,9,5,5,0,1,3,3,0,0,1,0,2,5311,106
EUW1_7708239671,1531,2026-01-30 12:27:00.000,16.2.741.3171,BLUE,Diamond,41,18,1,6,0,0,2,2,3,0,0,0,1,0,13588,31
EUW1_7708241111,1455,2026-01-30 12:36:48.000,16.2.741.3171,RED,Master,14,35,8,1,1,0,0,3,3,0,0,1,0,1,13288,0
EUW1_7708244672,1995,2026-01-30 12:33:02.000,16.2.741.3171,RED,Master,28,27,6,3,0,0,1,3,0,3,0,1,1,0,3877,195
EUW1_7708257460,1925,2026-01-30 12:43:14.000,16.2.741.3171,RED,Master,28,35,6,2,0,0,2,2,0,3,1,0,0,2,4534,125
EUW1_7708260762,1807,2026-01-30 12:49:53.000,16.2.741.3171,RED,Master,23,40,10,1,3,0,0,5,3,0,0,1,0,1,13604,7
EUW1_7708262391,1330,2026-01-30 12:58:23.000,16.2.741.3171,BLUE,Master,25,8,0,8,0,2,3,0,3,0,1,0,0,0,14906,130
EUW1_7708279405,1486,2026-01-30 13:12:01.000,16.2.741.3171,RED,Grandmaster,15,40,11,1,2,0,1,2,3,0,1,0,0,1,16121,0
